,Province/State,Country/Region,Lat,Long,1/22/20,1/23/20,1/24/20,1/25/20,1/26/20,1/27/20,1/28/20,1/29/20,1/30/20,1/31/20,2/1/20,2/2/20,2/3/20,2/4/20,2/5/20,2/6/20,2/7/20,2/8/20,2/9/20,2/10/20,2/11/20,2/12/20,2/13/20,2/14/20,2/15/20,2/16/20,2/17/20,2/18/20,2/19/20,2/20/20,2/21/20,2/22/20,2/23/20,2/24/20,2/25/20,2/26/20,2/27/20,2/28/20,2/29/20,3/1/20,3/2/20,3/3/20,3/4/20,3/5/20,3/6/20,3/7/20,3/8/20,3/9/20,3/10/20,3/11/20,3/12/20,3/13/20,3/14/20,3/15/20,3/16/20,3/17/20,3/18/20,3/19/20,3/20/20,3/21/20,3/22/20,3/23/20,3/24/20,3/25/20,3/26/20,3/27/20,3/28/20,3/29/20,3/30/20,3/31/20,4/1/20,4/2/20,4/3/20,4/4/20,4/5/20,4/6/20,4/7/20,4/8/20,4/9/20,4/10/20,4/11/20,4/12/20,4/13/20,4/14/20,4/15/20,4/16/20,4/17/20,4/18/20,4/19/20,4/20/20,4/21/20,4/22/20,4/23/20,4/24/20,4/25/20,4/26/20,4/27/20,4/28/20,4/29/20,4/30/20,5/1/20,5/2/20,5/3/20,5/4/20,5/5/20,5/6/20,5/7/20,5/8/20,5/9/20,5/10/20,5/11/20,5/12/20,5/13/20,5/14/20,5/15/20,5/16/20,5/17/20,5/18/20,5/19/20,5/20/20,5/21/20,5/22/20,5/23/20,5/24/20,5/25/20,5/26/20,5/27/20,5/28/20,5/29/20,5/30/20,5/31/20,6/1/20,6/2/20,6/3/20,6/4/20,6/5/20,6/6/20,6/7/20,6/8/20,6/9/20,6/10/20,6/11/20,6/12/20,6/13/20,6/14/20,6/15/20,6/16/20,6/17/20,6/18/20,6/19/20,6/20/20,6/21/20,6/22/20,6/23/20,6/24/20,6/25/20,6/26/20,6/27/20,6/28/20,6/29/20,6/30/20,7/1/20,7/2/20,7/3/20,7/4/20,7/5/20,7/6/20,7/7/20,7/8/20,7/9/20,7/10/20,7/11/20,7/12/20,7/13/20,7/14/20,7/15/20,7/16/20,7/17/20,7/18/20,7/19/20,7/20/20,7/21/20,7/22/20,7/23/20,7/24/20,7/25/20,7/26/20,7/27/20,7/28/20,7/29/20,7/30/20,7/31/20,8/1/20,8/2/20,8/3/20,8/4/20,8/5/20,8/6/20,8/7/20,8/8/20,8/9/20,8/10/20,8/11/20,8/12/20,8/13/20,8/14/20,8/15/20,8/16/20,8/17/20,8/18/20,8/19/20,8/20/20,8/21/20,8/22/20,8/23/20,8/24/20,8/25/20,8/26/20,8/27/20,8/28/20,8/29/20,8/30/20,8/31/20,9/1/20,9/2/20,9/3/20,9/4/20,9/5/20,9/6/20,9/7/20,9/8/20,9/9/20,9/10/20,9/11/20,9/12/20,9/13/20,9/14/20,9/15/20,9/16/20,9/17/20,9/18/20,9/19/20,9/20/20,9/21/20,9/22/20,9/23/20,9/24/20,9/25/20,9/26/20,9/27/20,9/28/20,9/29/20,9/30/20,10/1/20,10/2/20,10/3/20,10/4/20,10/5/20,10/6/20,10/7/20,10/8/20,10/9/20,10/10/20,10/11/20,10/12/20,10/13/20,10/14/20,10/15/20,10/16/20,10/17/20,10/18/20,10/19/20,10/20/20,10/21/20,10/22/20,10/23/20,10/24/20,10/25/20,10/26/20,10/27/20,10/28/20,10/29/20,10/30/20,10/31/20,11/1/20,11/2/20,11/3/20,11/4/20,11/5/20,11/6/20,11/7/20,11/8/20,11/9/20,11/10/20,11/11/20,11/12/20,11/13/20,11/14/20,11/15/20,11/16/20,11/17/20,11/18/20,11/19/20,11/20/20,11/21/20,11/22/20,11/23/20,11/24/20,11/25/20,11/26/20,11/27/20,11/28/20,11/29/20,11/30/20,12/1/20,12/2/20,12/3/20,12/4/20,12/5/20,12/6/20,12/7/20,12/8/20,12/9/20,12/10/20,12/11/20,12/12/20,12/13/20,12/14/20,12/15/20,12/16/20,12/17/20,12/18/20,12/19/20,12/20/20,12/21/20,12/22/20,12/23/20,12/24/20,12/25/20,12/26/20,12/27/20,12/28/20,12/29/20,12/30/20,12/31/20,1/1/21,1/2/21,1/3/21,1/4/21,1/5/21,1/6/21,1/7/21,1/8/21,1/9/21,1/10/21,1/11/21,1/12/21,1/13/21,1/14/21,1/15/21,1/16/21,1/17/21,1/18/21,1/19/21,1/20/21,1/21/21,1/22/21,1/23/21,1/24/21,1/25/21,1/26/21,1/27/21,1/28/21,1/29/21,1/30/21,1/31/21,2/1/21,2/2/21,2/3/21,2/4/21,2/5/21,2/6/21,2/7/21,2/8/21,2/9/21,2/10/21,2/11/21,2/12/21,2/13/21,2/14/21,2/15/21,2/16/21,2/17/21,2/18/21,2/19/21,2/20/21,2/21/21,2/22/21,2/23/21,2/24/21,2/25/21,2/26/21,2/27/21,2/28/21,3/1/21,3/2/21,3/3/21,3/4/21,3/5/21,3/6/21,3/7/21,3/8/21,3/9/21,3/10/21,3/11/21,3/12/21,3/13/21,3/14/21,3/15/21,3/16/21,3/17/21,3/18/21,3/19/21,3/20/21,3/21/21,3/22/21,3/23/21,3/24/21,3/25/21,3/26/21,3/27/21,3/28/21,3/29/21,3/30/21,3/31/21,4/1/21,4/2/21,4/3/21,4/4/21,4/5/21,4/6/21,4/7/21
231,,South Africa,-30.5595,22.9375,0,0,0,0,0,0,0,0,0,0,0,0,0,0,0,0,0,0,0,0,0,0,0,0,0,0,0,0,0,0,0,0,0,0,0,0,0,0,0,0,0,0,0,1,1,1,3,3,7,13,17,24,38,51,62,62,116,150,202,240,274,402,554,709,927,1170,1187,1280,1326,1353,1380,1462,1505,1585,1655,1686,1749,1845,1934,2003,2028,2173,2272,2415,2506,2605,2783,3034,3158,3300,3465,3635,3953,4220,4361,4546,4793,4996,5350,5647,5951,6336,6783,7220,7572,7808,8232,8895,9420,10015,10652,11350,12074,12739,13524,14355,15515,16433,17200,18003,19137,20125,21343,22583,23615,24264,25937,27403,29240,30967,32683,34357,35812,37525,40792,43434,45973,48285,50879,52991,55421,58568,61927,65736,70038,73533,76334,80412,83890,87715,92681,97302,101590,106108,111796,118375,124590,131800,138134,144264,151209,159333,168061,177124,187977,196750,205721,215855,224665,238339,250687,264184,276242,287796,298292,311049,324221,337594,350879,364328,373628,381798,394948,408052,421996,434200,445433,452529,459761,471123,482169,493183,503290,511485,516862,521318,529877,538184,545476,553188,559859,563598,566109,568919,572865,579140,583653,587345,589886,592144,596060,599940,603338,607045,609773,611450,613017,615701,618286,620132,622551,625056,627041,628259,630595,633015,635078,636884,638517,639362,640441,642431,644438,646398,648214,649793,650749,651521,653444,655572,657627,659656,661211,661936,663282,665188,667049,668529,669498,670766,671669,672572,674339,676084,677833,679716,681289,682215,683242,685155,686891,688352,690896,692471,693359,694537,696414,698184,700203,702131,703793,705254,706304,708359,710515,712412,714246,715868,716759,717851,719714,721770,723682,725452,726823,727595,728836,730548,732414,734175,735906,737278,738525,740254,742394,744732,746945,749182,751024,752269,754256,757144,759658,762763,765409,767679,769759,772252,775502,778571,781941,785139,787702,790004,792299,796472,800872,805804,810449,814565,817878,821889,828598,836764,845083,852965,860964,866127,873679,883687,892813,901538,912477,921922,930711,940212,954258,968563,983359,994911,1004413,1011871,1021451,1039161,1057161,1073887,1088889,1100748,1113349,1127759,1149591,1170590,1192570,1214176,1231597,1246643,1259748,1278303,1296806,1311686,1325659,1337926,1346936,1356716,1369426,1380807,1392568,1404839,1412986,1417537,1423578,1430648,1437798,1443939,1449236,1453761,1456309,1458958,1463016,1466767,1470516,1473700,1476135,1477511,1479253,1482412,1484900,1487681,1490063,1491807,1492909,1494119,1496439,1498766,1500677,1502367,1503796,1504588,1505586,1507448,1509124,1510778,1512225,1513393,1513959,1514815,1516262,1517666,1518979,1520206,1521068,1521706,1522697,1524174,1525648,1526873,1528414,1529420,1530033,1530966,1532497,1533961,1535423,1536801,1537852,1538451,1538961,1540009,1541563,1543079,1544466,1545431,1545979,1546735,1548157,1549451,1550724,1551501,1551964,1552416,1552853,1553609
2,,Algeria,28.0339,1.6596,0,0,0,0,0,0,0,0,0,0,0,0,0,0,0,0,0,0,0,0,0,0,0,0,0,0,0,0,0,0,0,0,0,0,1,1,1,1,1,1,3,5,12,12,17,17,19,20,20,20,24,26,37,48,54,60,74,87,90,139,201,230,264,302,367,409,454,511,584,716,847,986,1171,1251,1320,1423,1468,1572,1666,1761,1825,1914,1983,2070,2160,2268,2418,2534,2629,2718,2811,2910,3007,3127,3256,3382,3517,3649,3848,4006,4154,4295,4474,4648,4838,4997,5182,5369,5558,5723,5891,6067,6253,6442,6629,6821,7019,7201,7377,7542,7728,7918,8113,8306,8503,8697,8857,8997,9134,9267,9394,9513,9626,9733,9831,9935,10050,10154,10265,10382,10484,10589,10698,10810,10919,11031,11147,11268,11385,11504,11631,11771,11920,12076,12248,12445,12685,12968,13273,13571,13907,14272,14657,15070,15500,15941,16404,16879,17348,17808,18242,18712,19195,19689,20216,20770,21355,21948,22549,23084,23691,24278,24872,25484,26159,26764,27357,27973,28615,29229,29831,30394,30950,31465,31972,32504,33055,33626,34155,34693,35160,35712,36204,36699,37187,37664,38133,38583,39025,39444,39847,40258,40667,41068,41460,41858,42228,42619,43016,43403,43781,44146,44494,44833,45158,45469,45773,46071,46364,46653,46938,47216,47488,47752,48007,48254,48496,48734,48966,49194,49413,49623,49826,50023,50214,50400,50579,50754,50914,51067,51213,51368,51530,51690,51847,51995,52136,52270,52399,52520,52658,52804,52940,53072,53325,53399,53584,53777,53998,54203,54402,54616,54829,55081,55357,55630,55880,56143,56419,56706,57026,57332,57651,57942,58272,58574,58979,59527,60169,60800,61381,62051,62693,63446,64257,65108,65975,66819,67679,68589,69591,70629,71652,72755,73774,74862,75867,77000,78025,79110,80168,81212,82221,83199,84152,85084,85927,86730,87502,88252,88825,89416,90014,90579,91121,91638,92102,92597,93065,93507,93933,94371,94781,95203,95659,96069,96549,97007,97441,97857,98249,98631,98988,99311,99610,99897,100159,100408,100645,100873,101120,101382,101657,101913,102144,102369,102641,102860,103127,103381,103611,103833,104092,104341,104606,104852,105124,105369,105596,105854,106097,106359,106610,106887,107122,107339,107578,107841,108116,108381,108629,108629,109088,109313,109559,109782,110049,110303,110513,110711,110894,111069,111247,111418,111600,111764,111917,112094,112279,112461,112622,112805,112960,113092,113255,113430,113593,113761,113948,114104,114234,114382,114543,114681,114851,115008,115143,115265,115410,115540,115688,115842,115970,116066,116157,116255,116349,116438,116543,116657,116750,116836,116946,117061,117192,117304,117429,117524,117622,117739,117879,118004
38,,Cameroon,3.848,11.5021,0,0,0,0,0,0,0,0,0,0,0,0,0,0,0,0,0,0,0,0,0,0,0,0,0,0,0,0,0,0,0,0,0,0,0,0,0,0,0,0,0,0,0,0,1,1,2,2,2,2,2,2,2,2,4,10,10,13,20,27,40,56,66,75,75,91,91,139,139,193,233,306,509,555,650,658,658,730,730,820,820,820,820,848,848,996,996,1017,1017,1163,1163,1163,1334,1430,1518,1621,1705,1705,1832,1832,1832,2077,2077,2104,2104,2265,2267,2267,2274,2579,2689,2689,2800,2954,3105,3105,3105,3529,3529,3733,4288,4400,4400,4890,4890,5436,5436,5436,5436,5904,5904,6397,6585,6585,6789,7392,7599,7908,8060,8312,8681,8681,8681,8681,8681,9864,9864,9864,9864,10638,11610,11892,12041,12270,12592,12592,12592,12592,12592,12592,12592,12592,12592,12592,12592,12592,12592,14916,14916,14916,14916,15173,15173,15173,15173,15173,16157,16157,16157,16157,16157,16522,16522,16522,16708,16708,16708,17110,17179,17255,17255,17255,17255,17255,17255,17718,17718,17718,17718,18042,18042,18042,18213,18263,18308,18469,18469,18469,18582,18599,18624,18762,18762,18762,18762,18762,18973,18973,19142,19142,19142,19142,19142,19409,19460,19604,19604,19604,19604,19604,19848,19848,20009,20009,20009,20167,20228,20271,20303,20303,20371,20431,20431,20598,20598,20690,20712,20712,20735,20735,20838,20838,20838,20838,20924,20924,20924,20924,20924,20924,21203,21203,21203,21203,21203,21203,21441,21441,21441,21441,21441,21506,21570,21570,21570,21570,21570,21570,21793,21793,21793,21793,21793,21793,22103,22103,22103,22103,22103,22103,22342,22421,22421,22421,22490,22490,22583,22692,22692,22692,22896,22896,23528,23528,23528,23528,23842,23869,23915,24022,24117,24117,24117,24445,24487,24487,24487,24752,24752,24752,24752,24752,24963,24963,25087,25143,25143,25214,25359,25472,25472,25472,25724,25849,25849,25849,25849,26277,26277,26277,26277,26277,26277,26277,26277,26848,26848,26848,26848,26848,26848,26848,26848,26848,26848,26848,27336,27336,27336,27336,28010,28010,28010,28010,28010,28010,28010,29617,29617,29617,29617,29617,29617,29617,29617,29617,29617,30313,30313,30313,30313,31394,31394,31394,31394,31394,31394,32098,32098,32098,32098,32098,32098,33749,33749,33749,33749,33749,33749,33749,35714,35714,35714,35714,35714,35714,35714,35714,35714,35714,35714,36794,36794,36794,40622,40622,40622,40622,40622,40622,40622,40622,40622,40622,40622,40622,40622,40622,40622,47669,47669,47669,47669,47669,47669,57337,57337,57337,57337,57337,57337,57337
33,,Burkina Faso,12.2383,-1.5616,0,0,0,0,0,0,0,0,0,0,0,0,0,0,0,0,0,0,0,0,0,0,0,0,0,0,0,0,0,0,0,0,0,0,0,0,0,0,0,0,0,0,0,0,0,0,0,0,1,2,2,2,2,3,15,15,20,33,40,64,75,99,114,146,152,180,207,222,246,261,282,288,302,318,345,364,384,414,443,443,484,497,497,528,542,546,557,565,576,581,600,609,616,629,629,632,635,638,641,645,649,652,662,672,688,729,736,744,748,751,760,766,773,773,780,782,796,796,796,809,812,814,814,814,832,832,845,847,847,847,847,847,881,884,885,888,888,889,890,891,891,892,892,892,894,894,895,899,899,900,901,903,903,907,919,934,941,941,959,959,962,962,967,980,987,987,1000,1003,1003,1005,1020,1033,1036,1036,1037,1038,1038,1045,1047,1052,1065,1065,1066,1070,1075,1086,1086,1100,1105,1105,1106,1106,1143,1143,1150,1153,1153,1158,1158,1175,1175,1204,1211,1213,1228,1238,1240,1267,1280,1280,1285,1297,1297,1297,1320,1338,1338,1352,1352,1352,1352,1357,1368,1370,1370,1375,1408,1408,1452,1463,1466,1476,1486,1499,1514,1707,1717,1733,1748,1767,1797,1816,1846,1896,1907,1929,1950,1962,1973,2008,2028,2032,2056,2088,2123,2154,2167,2184,2197,2222,2241,2254,2271,2271,2294,2305,2305,2335,2343,2343,2381,2387,2406,2406,2414,2433,2444,2451,2459,2466,2466,2471,2477,2500,2500,2517,2530,2539,2550,2562,2565,2569,2581,2582,2586,2586,2609,2635,2641,2652,2652,2670,2686,2686,2703,2735,2754,2757,2777,2777,2816,2816,2856,2886,2931,3010,3062,3091,3156,3212,3315,3469,3469,3579,3579,3894,4030,4209,4300,4449,4611,4832,4954,5160,5301,5461,5649,5941,6134,6255,6344,6344,6537,6631,6707,6828,6940,7051,7126,7342,7563,7713,7866,7866,8082,8279,8463,8546,8809,8882,9000,9188,9352,9352,9553,9719,9857,9967,10038,10103,10157,10217,10377,10423,10580,10682,10768,10904,10958,11053,11143,11227,11285,11309,11367,11426,11426,11538,11588,11588,11630,11630,11672,11703,11763,11783,11797,11847,11868,11887,11914,11939,11982,11982,12030,12047,12071,12103,12123,12153,12181,12181,12187,12230,12275,12305,12350,12372,12378,12378,12399,12450,12450,12516,12535,12559,12572,12596,12619,12650,12673,12692,12702,12717,12717,12774,12791,12803,12817,12825,12845,12873
96,,Cote d'Ivoire,7.54,-5.5471,0,0,0,0,0,0,0,0,0,0,0,0,0,0,0,0,0,0,0,0,0,0,0,0,0,0,0,0,0,0,0,0,0,0,0,0,0,0,0,0,0,0,0,0,0,0,0,0,0,1,1,1,1,1,1,5,6,9,9,14,14,25,73,80,96,101,101,165,168,179,190,194,218,245,261,323,349,384,444,444,533,574,626,638,638,654,688,801,847,847,916,952,1004,1077,1077,1150,1164,1183,1238,1275,1333,1362,1398,1432,1464,1516,1571,1602,1667,1700,1730,1857,1912,1971,2017,2061,2109,2119,2153,2231,2301,2341,2366,2376,2423,2477,2556,2641,2750,2799,2833,2951,3024,3110,3262,3431,3557,3739,3881,3995,4181,4404,4684,4848,5084,5439,5679,6063,6444,6874,7276,7492,7677,7904,8164,8334,8739,8944,9101,9214,9499,9702,9992,10244,10462,10772,10966,11194,11504,11750,12052,12443,12766,12872,13037,13403,13554,13696,13912,14119,14312,14531,14733,15001,15253,15494,15596,15655,15713,15813,15978,16047,16109,16182,16220,16293,16349,16447,16524,16620,16715,16798,16847,16847,16889,16935,16993,17026,17107,17150,17232,17249,17310,17374,17471,17506,17562,17603,17702,17797,17893,17948,18067,18103,18161,18208,18269,18472,18588,18701,18778,18815,18869,18916,18916,19013,19066,19100,19132,19158,19200,19269,19320,19327,19343,19430,19501,19556,19600,19629,19641,19669,19724,19755,19793,19849,19882,19885,19903,19935,19982,20036,20128,20154,20155,20183,20217,20257,20275,20301,20323,20324,20342,20363,20390,20405,20429,20470,20486,20488,20555,20628,20692,20716,20716,20753,20765,20778,20789,20801,20813,20832,20835,20847,20855,20882,20899,20945,20976,20988,21004,21045,21083,21099,21126,21138,21148,21156,21168,21199,21232,21261,21310,21331,21334,21361,21389,21412,21441,21485,21507,21513,21547,21590,21618,21639,21680,21705,21775,21741,21772,21845,21890,21918,21932,21942,21984,22071,22081,22081,22152,22176,22250,22366,22490,22563,22563,22648,22800,22855,22963,23173,23254,23482,23750,23894,24186,24369,24578,24856,24856,25241,25304,25383,25597,25751,26315,26612,26850,27096,27237,27455,27694,27934,28178,28399,28475,28607,28739,29102,29295,29567,29825,29967,29967,30240,30526,30717,30884,31140,31235,31365,31497,31612,31825,31914,32026,32039,32124,32295,32295,32478,32631,32754,32791,32929,33285,33976,34412,34935,35187,35331,35477,36028,36511,36824,37304,37653,37908,38120,38282,38923,39434,39913,40310,40601,40868,41307,42074,42468,42861,43180,43422,43542,43889,43889,44445,44618,44749,44841,44854,44880
180,,Mauritius,-20.348404,57.552152,0,0,0,0,0,0,0,0,0,0,0,0,0,0,0,0,0,0,0,0,0,0,0,0,0,0,0,0,0,0,0,0,0,0,0,0,0,0,0,0,0,0,0,0,0,0,0,0,0,0,0,0,0,0,0,0,3,3,12,14,28,36,42,48,81,94,102,107,128,143,161,169,186,196,227,244,268,273,314,318,319,324,324,324,324,324,324,325,328,328,328,329,331,331,331,332,334,334,332,332,332,332,332,332,332,332,332,332,332,332,332,332,332,332,332,332,332,332,332,332,332,332,332,334,334,334,334,334,335,335,335,335,335,335,335,337,337,337,337,337,337,337,337,337,337,337,337,337,337,337,337,337,340,340,341,341,341,341,341,341,341,341,341,341,341,341,342,342,342,342,342,342,342,342,342,343,343,343,343,343,343,343,343,343,344,344,344,344,344,344,344,344,344,344,344,344,344,344,344,344,344,344,344,344,344,345,346,346,346,346,346,346,346,346,346,347,348,348,355,355,355,355,356,356,356,356,356,356,356,356,361,361,361,361,361,361,361,365,365,366,366,366,366,366,367,367,367,367,367,367,367,367,381,381,385,385,385,387,395,395,395,395,395,395,404,407,407,415,417,417,417,419,419,419,425,435,435,435,439,439,439,439,441,441,446,451,451,452,453,453,453,453,453,453,453,468,470,470,478,491,491,494,494,494,494,494,494,494,497,498,501,501,501,504,505,508,508,508,508,508,511,515,515,515,515,515,515,523,524,524,524,524,524,524,524,526,527,527,527,527,527,527,527,527,527,527,527,527,531,531,539,539,539,539,539,545,546,547,547,547,547,547,556,556,556,556,556,556,556,568,568,569,569,569,569,569,582,583,584,584,584,584,584,593,594,595,595,595,595,595,601,603,603,603,603,603,603,603,610,610,610,610,610,610,619,619,619,620,625,639,641,641,641,641,664,711,739,742,747,758,762,768,793,796,805,809,826,850,853,871,871,933,958,996,1028,1039,1095,1104,1112,1121,1130,1167
199,,Nigeria,9.082,8.6753,0,0,0,0,0,0,0,0,0,0,0,0,0,0,0,0,0,0,0,0,0,0,0,0,0,0,0,0,0,0,0,0,0,0,0,0,0,1,1,1,1,1,1,1,1,1,1,2,2,2,2,2,2,2,2,3,8,8,12,22,30,40,44,51,65,70,89,111,131,135,174,184,210,214,232,238,254,276,288,305,318,323,343,373,407,442,493,542,627,665,665,873,981,1095,1182,1273,1337,1532,1728,1932,2170,2388,2558,2802,2950,3145,3526,3912,4151,4399,4641,4787,4971,5162,5450,5621,5959,6175,6401,6677,7016,7261,7526,7839,8068,8344,8733,8915,9302,9855,10162,10578,10819,11166,11516,11844,12233,12486,12801,13464,13873,14554,15181,15682,16085,16658,17148,17735,18480,19147,19808,20244,20919,21371,22020,22614,23298,24077,24567,25133,25694,26484,27110,27564,28167,28711,29286,29789,30249,30748,31323,31987,32558,33153,33616,34259,34854,35454,36107,36663,37225,37801,38344,38948,39539,39977,40532,41180,41804,42208,42689,43151,43537,43841,44129,44433,44890,45244,45687,46140,46577,46867,47290,47743,48116,48445,48770,49068,49485,49895,50488,50964,51304,51905,52227,52548,52800,53021,53317,53477,53727,53865,54008,54247,54463,54588,54743,54905,55005,55160,55456,55632,55829,56017,56177,56256,56388,56478,56604,56735,56956,57145,57242,57437,57613,57724,57849,58062,58198,58324,58460,58647,58848,59001,59127,59287,59345,59465,59583,59738,59841,59992,60103,60266,60430,60655,60834,60982,61194,61307,61440,61558,61630,61667,61805,61882,61930,61992,62111,62224,62371,62521,62691,62853,62964,63036,63173,63328,63508,63731,63790,64090,64184,64336,64516,64728,64884,64996,65148,65305,65457,65693,65839,65982,66228,66383,66439,66607,66805,66974,67220,67330,67412,67557,67838,67960,68303,68627,68937,69255,69645,70195,70669,71344,72140,72757,73175,73374,74132,75062,76207,77013,77933,78434,78790,79789,80922,81963,82747,83576,84414,84811,85560,86576,87607,88587,89163,90080,91351,92705,94369,95934,97478,99063,100087,101331,102601,103999,105478,107345,108943,110387,112004,113305,114691,116655,118138,120602,121566,122996,124299,126160,127024,128674,130557,131242,131918,133552,134690,136030,137654,139242,139748,140391,141447,142578,143516,144521,145664,146184,146928,148296,149369,150246,150908,151553,152074,152616,153187,153842,154476,155076,155417,155657,156017,156496,156960,157671,158042,158237,158506,158906,159252,159646,159933,160332,160537,160657,160895,161074,161261,161409,161539,161651,161737,161868,162076,162178,162275,162388,162489,162593,162641,162762,162891,162997,163063,163113,163195,163330,163388,163498
222,,Senegal,14.4974,-14.4524,0,0,0,0,0,0,0,0,0,0,0,0,0,0,0,0,0,0,0,0,0,0,0,0,0,0,0,0,0,0,0,0,0,0,0,0,0,0,0,0,1,2,4,4,4,4,4,4,4,4,4,10,10,24,24,26,31,31,38,47,67,79,86,99,105,119,130,142,162,175,190,195,207,219,222,226,237,244,250,265,278,280,291,299,314,335,342,350,367,377,412,442,479,545,614,671,736,823,882,933,1024,1115,1182,1271,1329,1433,1492,1551,1634,1709,1886,1995,2105,2189,2310,2429,2480,2544,2617,2714,2812,2909,2976,3047,3130,3161,3253,3348,3429,3535,3645,3739,3836,3932,4021,4155,4249,4328,4427,4516,4640,4759,4851,4996,5090,5173,5247,5369,5475,5639,5783,5888,5970,6034,6129,6233,6354,6459,6586,6698,6793,6925,7054,7164,7272,7400,7478,7547,7657,7784,7882,8014,8135,8198,8243,8369,8481,8544,8669,8810,8948,8985,9121,9266,9422,9552,9681,9764,9805,9961,10106,10232,10284,10344,10386,10432,10538,10715,10887,11003,11175,11312,11380,11587,11740,11872,12032,12162,12237,12305,12446,12559,12689,12850,12949,13013,13056,13186,13294,13384,13456,13556,13611,13655,13743,13826,13881,13948,13987,14014,14044,14102,14150,14193,14237,14280,14306,14529,14568,14618,14645,14688,14714,14738,14759,14795,14816,14839,14869,14909,14919,14945,14982,15019,15051,15068,15094,15122,15141,15174,15190,15213,15244,15268,15292,15307,15331,15348,15368,15392,15418,15432,15459,15484,15508,15525,15543,15551,15565,15571,15582,15593,15605,15616,15630,15637,15640,15650,15668,15676,15693,15708,15711,15720,15735,15744,15755,15779,15793,15801,15806,15823,15835,15848,15865,15882,15897,15908,15927,15960,15981,16027,16075,16089,16107,16173,16217,16297,16397,16477,16553,16596,16665,16766,16893,17061,17075,17146,17216,17336,17451,17559,17670,17758,17879,17945,18043,18200,18369,18523,18609,18728,18806,18945,19140,19364,19511,19697,19803,19964,20156,20376,20672,21000,21245,21533,21685,21883,22178,22396,22738,23028,23224,23392,23642,23909,24209,24459,24727,24993,25127,25407,25711,25895,26213,26523,26927,27080,27365,27733,28106,28489,28760,29057,29245,29521,29914,30376,30641,31007,31275,31476,31771,32099,32378,32630,32927,33099,33242,33453,33741,34031,34255,34520,34732,34832,35037,35247,35468,35632,35857,35959,36039,36195,36371,36569,36726,36892,36996,37062,37254,37428,37541,37693,37833,37920,37958,38134,38255,38354,38456,38520,38566,38618,38705,38782,38889,38953,39024,39093,39127,39164
134,,Ghana,7.9465,-1.0232,0,0,0,0,0,0,0,0,0,0,0,0,0,0,0,0,0,0,0,0,0,0,0,0,0,0,0,0,0,0,0,0,0,0,0,0,0,0,0,0,0,0,0,0,0,0,0,0,0,0,0,0,3,6,6,7,7,11,16,19,23,27,53,93,132,137,141,152,152,161,195,204,205,205,214,214,287,313,378,378,408,566,566,636,636,641,641,834,1042,1042,1042,1154,1154,1279,1279,1550,1550,1671,1671,2074,2074,2169,2169,2719,2719,3091,3091,4012,4263,4263,4700,5127,5408,5530,5638,5735,5735,5735,6096,6269,6269,6486,6617,6683,6808,7117,7303,7303,7616,7768,8070,8070,8297,8548,8885,9168,9462,9638,9910,10201,10201,10358,10856,11118,11964,11964,12193,12590,12929,13203,13717,14154,14154,14568,15013,15473,15834,16431,16742,17351,17741,18134,18134,19388,19388,20085,21077,21968,22822,23463,23834,24248,24518,24988,24988,25430,26125,26572,27060,27667,28430,28989,29672,29672,31057,31851,32969,33624,34406,35142,35142,35501,37014,37014,37812,37812,39075,39642,40097,40533,41003,41212,41404,41572,41725,41847,42210,42532,42653,42993,43094,43260,43325,43325,43505,43622,43717,43769,43841,43949,44118,44205,44298,44460,44658,44713,44777,44777,44777,44869,45012,45313,45313,45388,45434,45434,45601,45655,45655,45714,45760,45877,46004,46062,46062,46153,46222,46222,46222,46387,46444,46482,46626,46656,46694,46803,46829,46829,46829,46829,46947,46987,47005,47005,47030,47126,47126,47173,47173,47232,47310,47372,47461,47461,47538,47601,47690,47690,47775,47775,47775,48055,48055,48055,48124,48200,48200,48643,48788,48788,48904,49102,49202,49302,49302,49957,50018,50018,50123,50376,50376,50457,50631,50631,50717,50874,50941,51184,51225,51225,51225,51379,51569,51667,51667,51667,51667,52096,52096,52274,52274,52500,52622,52738,52738,52933,52933,53014,53270,53386,53553,53653,53653,53653,53954,53954,54043,54043,54043,54286,54401,54503,54681,54771,54771,54930,55064,55168,55168,55168,55168,55461,55461,55772,55772,56230,56421,56981,56981,56981,56981,57714,58065,58431,58431,59480,59480,60115,60794,62135,62135,62751,63883,63883,65427,67010,67010,67782,68559,69255,70046,70046,70768,72328,73003,73003,73557,74347,75836,75836,76492,77046,78271,78689,79165,79655,80253,80759,80759,81245,81673,82586,82586,84023,84023,84023,84349,85239,85239,86092,86465,86465,86737,86737,86737,86737,87480,87762,87985,88228,88421,88421,89008,89276,89682,89682,89893,89893,89999,90287,90287,90287,90287,90287,90583,90583,90674,90674,90782,90900,90946,91009
198,,Niger,17.607789,8.081666,0,0,0,0,0,0,0,0,0,0,0,0,0,0,0,0,0,0,0,0,0,0,0,0,0,0,0,0,0,0,0,0,0,0,0,0,0,0,0,0,0,0,0,0,0,0,0,0,0,0,0,0,0,0,0,0,0,0,1,1,2,3,3,7,10,10,10,18,27,27,74,98,120,144,184,253,278,342,410,438,491,529,529,570,584,584,627,639,648,648,657,662,671,681,684,696,701,709,713,719,728,736,750,755,763,770,781,795,815,821,832,854,860,876,885,889,904,909,914,920,924,937,943,945,951,952,952,955,955,956,958,958,960,961,963,966,970,973,973,974,974,974,978,980,980,980,1016,1020,1020,1020,1035,1036,1046,1051,1051,1056,1059,1062,1074,1075,1075,1075,1081,1082,1082,1088,1093,1094,1097,1097,1099,1099,1099,1099,1099,1100,1102,1102,1104,1104,1105,1113,1122,1124,1124,1124,1136,1132,1132,1132,1134,1134,1136,1147,1152,1152,1152,1153,1153,1157,1158,1158,1158,1161,1161,1161,1165,1167,1167,1167,1167,1169,1172,1172,1172,1172,1173,1173,1173,1175,1175,1175,1176,1176,1176,1177,1177,1177,1177,1177,1178,1178,1178,1178,1178,1180,1180,1182,1182,1183,1183,1183,1188,1189,1193,1193,1194,1194,1194,1196,1196,1196,1197,1197,1198,1200,1200,1200,1200,1200,1201,1201,1201,1201,1202,1203,1205,1207,1209,1209,1210,1211,1212,1214,1215,1215,1215,1215,1215,1218,1218,1219,1220,1220,1221,1222,1222,1225,1226,1230,1242,1243,1246,1256,1263,1282,1289,1301,1307,1316,1327,1331,1335,1340,1351,1368,1381,1406,1419,1443,1472,1484,1516,1548,1586,1640,1640,1726,1789,1856,1894,1987,2078,2126,2160,2199,2258,2322,2361,2361,2506,2560,2612,2659,2724,2803,2876,2933,3005,3057,3110,3159,3208,3208,3323,3403,3437,3465,3465,3500,3634,3706,3747,3819,3877,3924,3969,3998,4058,4105,4132,4156,4204,4225,4249,4267,4308,4321,4353,4353,4407,4433,4474,4489,4516,4517,4537,4548,4565,4575,4589,4598,4612,4621,4643,4656,4665,4678,4690,4695,4702,4706,4715,4718,4725,4733,4733,4740,4740,4740,4740,4740,4740,4740,4740,4740,4740,4740,4740,4740,4822,4828,4835,4848,4853,4853,4857,4860,4865,4870,4904,4906,4911,4918,4918,4928,4939,4939,4964,4972,4972,4987,4987,5001,5001,5021,5021,5028,5041,5041,5048,5052
94,,Congo (Kinshasa),-4.0383,21.7587,0,0,0,0,0,0,0,0,0,0,0,0,0,0,0,0,0,0,0,0,0,0,0,0,0,0,0,0,0,0,0,0,0,0,0,0,0,0,0,0,0,0,0,0,0,0,0,0,0,1,1,2,2,2,2,3,4,14,18,23,30,36,45,48,51,51,65,65,81,98,109,134,134,154,154,161,180,180,180,215,223,234,235,241,254,267,287,307,327,332,350,359,377,394,416,442,459,471,491,572,604,674,674,682,705,797,863,937,937,991,1024,1102,1169,1242,1298,1455,1455,1538,1629,1731,1835,1945,2025,2141,2297,2403,2546,2660,2833,2966,3070,3195,3326,3495,3644,3764,3878,4016,4106,4259,4390,4515,4637,4724,4778,4837,4974,5100,5283,5477,5672,5826,5924,6027,6213,6411,6552,6690,6827,6939,7039,7122,7189,7311,7379,7411,7432,7432,7432,7846,7905,7971,8033,8075,8135,8163,8199,8249,8324,8403,8443,8534,8626,8720,8767,8801,8831,8844,8873,8931,9010,9070,9084,9115,9133,9178,9253,9309,9355,9436,9454,9489,9499,9538,9589,9605,9638,9676,9706,9721,9741,9757,9802,9811,9830,9842,9891,9912,9915,9994,10007,10045,10097,10104,10114,10125,10149,10178,10210,10233,10292,10324,10343,10361,10385,10390,10390,10401,10414,10442,10456,10488,10515,10519,10523,10537,10555,10578,10593,10612,10624,10631,10659,10685,10729,10752,10760,10778,10789,10804,10822,10835,10841,10851,10868,10872,10935,10935,10999,11000,11006,11052,11066,11066,11097,11122,11143,11143,11174,11191,11211,11211,11306,11306,11373,11395,11427,11450,11450,11517,11550,11591,11608,11642,11656,11692,11692,11760,11760,11839,11866,11918,12008,12129,12180,12180,12278,12310,12365,12470,12470,12608,12702,12772,12859,12987,13132,13281,13413,13527,13595,13750,13843,13997,14169,14342,14461,14513,14597,14930,15089,15089,15397,15495,15669,15810,16039,16282,16472,16763,16839,16917,17182,17376,17658,17849,17998,18102,18153,18248,18487,18738,18969,19159,19436,19496,19707,20003,20479,20556,20693,20908,21060,21140,21302,21398,21597,21713,21869,21954,22048,22178,22322,22455,22604,22771,22842,23043,23182,23222,23371,23485,23599,23671,23771,23890,24026,24152,24240,24295,24386,24423,24602,24794,24964,25080,25080,25144,25144,25144,25144,25691,25792,25913,25962,26050,26247,26340,26340,26469,26541,26627,26684,26738,26759,26846,26938,27014,27077,27100,27252,27290,27356,27468,27553,27572,27580,27660,27729,27794,27887,27930,28012,28076,28142,28199,28217,28292,28325,28354,28377,28410
157,,Kenya,-0.0236,37.9062,0,0,0,0,0,0,0,0,0,0,0,0,0,0,0,0,0,0,0,0,0,0,0,0,0,0,0,0,0,0,0,0,0,0,0,0,0,0,0,0,0,0,0,0,0,0,0,0,0,0,0,1,1,3,3,3,3,7,7,7,15,16,25,28,31,31,38,42,50,59,81,110,122,126,142,158,172,179,184,189,191,197,208,216,225,234,246,262,270,281,296,303,320,336,343,355,363,374,384,396,411,435,465,490,535,582,607,621,649,672,700,715,737,758,781,830,887,912,963,1029,1109,1161,1192,1214,1286,1348,1471,1618,1745,1888,1962,2021,2093,2216,2340,2474,2600,2767,2872,2989,3094,3215,3305,3457,3594,3727,3860,4044,4257,4374,4478,4738,4797,4952,5206,5384,5533,5811,6070,6190,6366,6673,6941,7188,7577,7886,8067,8250,8528,8975,9448,9726,10105,10294,10791,11252,11673,12062,12750,13353,13771,14168,14805,15601,16268,16643,17603,17975,18581,19125,19913,20636,21363,22053,22597,23202,23873,24411,25138,25837,26436,26928,27425,28104,28754,29334,29849,30120,30365,30636,31015,31441,31763,32118,32364,32557,32803,33016,33389,33630,33794,34057,34201,34315,34493,34705,34884,35020,35103,35205,35356,35460,35603,35793,35969,36157,36205,36301,36301,36576,36724,36829,36981,37079,37218,37348,37489,37707,37871,38115,38168,38378,38529,38713,38923,39184,39427,39449,39586,39907,40178,40620,41158,41546,41619,41937,42541,43143,43580,44196,44881,45076,45647,46144,47212,47843,48790,49721,49997,50833,51851,52612,53797,55192,55877,56601,57093,58587,59595,60704,61769,62488,63244,64588,65804,66723,68193,69273,70245,70804,71729,72686,74145,75193,76404,77372,77785,78512,79322,80102,81656,82605,83316,83618,84169,85130,86383,87249,87984,88380,88579,89100,89661,90305,90978,91526,91892,92055,92459,92853,93405,93761,94151,94500,94614,94768,95195,95431,95713,95843,95923,95992,96139,96251,96458,96614,96678,96802,96908,97127,97398,97733,97954,98184,98271,98334,98432,98555,98693,98859,99082,99162,99227,99308,99444,99630,99769,99898,99983,100052,100193,100323,100422,100563,100675,100773,100856,101009,101159,101339,101534,101690,101819,101944,102048,102221,102353,102613,102792,102867,103014,103188,103332,103615,103841,103993,104201,104306,104500,104780,105057,105467,105648,105973,106125,106470,106801,107329,107729,108362,108827,109164,109643,110356,111185,111935,112805,113236,113967,115031,116310,117535,118889,120163,120910,122040,123167,124707,126170,128178,129330,130214,131116,132646,134058,135042,136893,138077,138988,139448,139842,141365
138,,Guinea,9.9456,-9.6966,0,0,0,0,0,0,0,0,0,0,0,0,0,0,0,0,0,0,0,0,0,0,0,0,0,0,0,0,0,0,0,0,0,0,0,0,0,0,0,0,0,0,0,0,0,0,0,0,0,0,0,1,1,1,1,1,1,1,1,2,2,4,4,4,4,8,8,16,22,22,30,52,73,111,121,128,144,164,194,212,250,250,319,363,404,438,477,518,579,622,688,761,862,954,996,996,1163,1240,1351,1495,1537,1586,1586,1710,1811,1856,1927,2009,2042,2146,2146,2298,2374,2473,2473,2658,2658,2796,2863,2863,3067,3067,3176,3275,3275,3275,3275,3553,3656,3706,3706,3844,3886,3933,3991,4060,4117,4117,4216,4258,4258,4372,4426,4484,4532,4572,4639,4668,4841,4904,4960,4988,4988,5040,5174,5174,5260,5291,5342,5351,5391,5404,5450,5521,5570,5610,5610,5636,5697,5881,5969,6044,6141,6141,6200,6276,6359,6430,6491,6544,6590,6652,6747,6806,6867,6927,7008,7055,7126,7183,7242,7308,7308,7317,7364,7489,7575,7664,7777,7875,7930,7930,8018,8116,8198,8260,8343,8482,8620,8715,8792,8876,8932,8932,8967,9076,9128,9167,9213,9251,9251,9371,9409,9479,9479,9579,9649,9649,9798,9816,9848,9885,9946,9979,10020,10045,10061,10111,10154,10154,10231,10286,10325,10344,10387,10434,10434,10478,10512,10580,10598,10634,10652,10652,10735,10735,10754,10800,10863,10863,10901,10954,10996,11022,11062,11134,11188,11255,11362,11478,11518,11518,11538,11599,11635,11635,11635,11635,11635,11819,11819,12020,12072,12072,12195,12213,12213,12331,12363,12363,12400,12414,12459,12484,12516,12537,12537,12585,12611,12624,12654,12713,12713,12743,12798,12826,12841,12863,12929,12949,13039,13039,13039,13119,13119,13143,13167,13186,13233,13233,13264,13264,13325,13368,13398,13420,13420,13457,13457,13474,13485,13511,13532,13545,13578,13578,13598,13630,13646,13646,13674,13688,13688,13707,13722,13738,13784,13784,13799,13845,13845,13904,13904,13942,13942,13980,14025,14051,14051,14065,14098,14114,14165,14207,14207,14236,14262,14300,14319,14375,14379,14435,14435,14451,14475,14546,14555,14555,14555,14629,14629,14665,14687,14764,14791,14791,14860,14860,14895,14967,14967,15020,15088,15154,15216,15395,15395,15427,15487,15680,15789,15894,15894,15992,16005,16081,16291,16420,16420,16540,16670,16912,16912,17208,17372,17592,17592,17742,17851,17982,18285,18285,18562,18562,18877,18945,18945,19084,19232,19403,19501,19670,19773,19793,19908,20083,20228,20319,20405,20506,20510,20554
214,,Rwanda,-1.9403,29.8739,0,0,0,0,0,0,0,0,0,0,0,0,0,0,0,0,0,0,0,0,0,0,0,0,0,0,0,0,0,0,0,0,0,0,0,0,0,0,0,0,0,0,0,0,0,0,0,0,0,0,0,0,1,1,5,7,8,8,17,17,19,36,40,41,50,54,60,70,70,75,82,84,89,102,104,105,105,110,110,118,120,126,127,134,136,138,143,144,147,147,150,153,154,176,183,191,207,212,225,243,249,255,259,261,261,268,271,273,280,284,285,286,287,287,287,289,292,297,308,314,320,321,325,327,336,339,346,349,355,359,370,377,384,397,410,420,431,439,451,463,476,494,510,541,582,612,636,639,646,661,702,728,787,798,830,850,858,878,900,1001,1025,1042,1063,1081,1092,1105,1113,1172,1194,1210,1252,1299,1337,1378,1416,1435,1473,1485,1539,1582,1629,1655,1689,1710,1729,1752,1821,1879,1926,1963,1994,2022,2042,2062,2092,2099,2104,2111,2128,2134,2140,2152,2171,2189,2200,2293,2352,2453,2540,2577,2644,2717,2780,2889,3089,3306,3537,3625,3672,3742,3843,4020,4063,4142,4218,4255,4304,4349,4374,4409,4439,4460,4479,4534,4565,4591,4602,4624,4634,4653,4671,4689,4711,4722,4738,4779,4789,4798,4811,4820,4832,4836,4840,4843,4847,4852,4866,4867,4873,4883,4885,4890,4892,4896,4905,4908,4940,4953,4965,4971,4974,4992,4996,5012,5017,5052,5060,5066,5073,5084,5129,5131,5134,5137,5146,5155,5162,5174,5192,5208,5213,5222,5242,5262,5312,5319,5362,5394,5455,5491,5507,5543,5572,5586,5620,5665,5726,5750,5779,5851,5872,5891,5919,5934,5948,5994,6011,6043,6084,6129,6191,6237,6278,6349,6428,6528,6659,6747,6832,6954,7032,7105,7232,7293,7402,7511,7598,7670,7743,7817,7970,8021,8128,8250,8383,8460,8567,8676,8848,8955,9058,9225,9368,9461,9630,9784,9950,10122,10316,10573,10850,11032,11259,11548,11860,12170,12443,12647,12975,13311,13885,14166,14529,14784,15118,15304,15459,15688,15834,15988,16186,16337,16451,16621,16811,16941,17068,17200,17267,17343,17484,17594,17716,17835,17929,17988,18053,18199,18325,18443,18553,18689,18790,18850,18986,19111,19198,19334,19426,19509,19551,19659,19779,19846,19945,20057,20143,20186,20302,20412,20480,20551,20681,20761,20828,20896,20975,21106,21210,21309,21370,21419,21490,21645,21783,21918,22167,22243,22482,22684,22862,23041
172,,Madagascar,-18.766947,46.869107,0,0,0,0,0,0,0,0,0,0,0,0,0,0,0,0,0,0,0,0,0,0,0,0,0,0,0,0,0,0,0,0,0,0,0,0,0,0,0,0,0,0,0,0,0,0,0,0,0,0,0,0,0,0,0,0,0,0,3,3,3,12,17,19,23,26,26,39,43,57,57,59,70,70,72,82,88,93,93,93,102,106,106,108,110,111,117,120,121,121,121,121,121,122,123,124,128,128,128,128,132,135,149,149,151,158,193,193,193,193,186,186,212,230,238,283,304,322,326,371,405,448,488,527,542,586,612,656,698,758,771,826,845,908,957,975,1026,1052,1094,1138,1162,1203,1240,1252,1272,1290,1317,1378,1403,1443,1503,1596,1640,1724,1787,1829,1922,2005,2078,2138,2214,2303,2403,2512,2728,2941,3250,3472,3573,3782,4143,4578,4867,5080,5343,5605,6089,6467,6849,7049,7153,7548,8162,8381,8741,8866,9295,9690,10104,10317,10748,10868,11273,11528,11660,11895,12222,12526,12708,12922,13086,13202,13317,13397,13522,13643,13724,13827,13886,14009,14074,14154,14218,14277,14327,14402,14475,14554,14592,14696,14791,14843,14863,14957,15023,15106,15187,15269,15319,15352,15435,15520,15624,15669,15737,15757,15769,15803,15871,15925,15971,16020,16053,16073,16136,16167,16191,16221,16257,16285,16348,16377,16408,16454,16493,16529,16558,16570,16600,16633,16654,16676,16702,16718,16726,16754,16754,16754,16754,16810,16810,16810,16810,16810,16810,16810,16968,16968,16968,16968,16968,16968,16968,17111,17111,17111,17111,17111,17111,17111,17111,17223,17223,17223,17223,17223,17223,17223,17310,17310,17310,17310,17310,17310,17310,17341,17341,17341,17341,17341,17341,17341,17341,17341,17341,17341,17341,17341,17473,17473,17473,17473,17473,17473,17473,17587,17587,17587,17587,17587,17587,17587,17587,17633,17633,17633,17633,17633,17633,17633,17714,17714,17714,17714,17714,17714,17767,17767,17767,17767,17767,17767,17767,17767,18001,18001,18001,18001,18001,18001,18001,18301,18301,18301,18301,18301,18301,18301,18743,18743,18743,18743,18743,18743,18743,19065,19065,19065,19065,19065,19065,19065,19360,19360,19360,19360,19360,19360,19360,19598,19598,19598,19598,19598,19598,19598,19831,19831,19831,19831,19831,19831,19831,19831,19831,19831,19831,19831,19831,20155,20155,20155,20155,20155,20155,20155,21356,21356,21587,21688,21826,21999,22113,22275,22484,22616,22682,22844,23040,23230,23424,23585,23969,24264,24426,24696,24968,25262,25572,25709,25874,26127
250,,Uganda,1.373333,32.290275,0,0,0,0,0,0,0,0,0,0,0,0,0,0,0,0,0,0,0,0,0,0,0,0,0,0,0,0,0,0,0,0,0,0,0,0,0,0,0,0,0,0,0,0,0,0,0,0,0,0,0,0,0,0,0,0,0,0,0,1,1,9,9,14,14,23,30,33,33,44,44,45,48,48,52,52,52,53,53,53,53,54,54,55,55,55,56,55,55,56,61,63,74,75,75,79,79,79,81,83,85,88,89,97,98,100,101,101,116,121,121,129,139,160,203,227,227,248,260,264,160,175,198,198,222,253,281,317,329,413,417,457,489,507,522,557,593,616,646,657,665,679,686,694,696,705,724,732,741,755,763,770,774,797,805,821,833,848,859,870,889,893,902,911,927,939,953,971,977,1000,1006,1013,1025,1029,1040,1043,1051,1056,1062,1065,1069,1072,1075,1079,1089,1103,1115,1128,1135,1140,1147,1154,1176,1182,1195,1203,1213,1223,1254,1267,1283,1297,1313,1332,1353,1385,1434,1500,1560,1603,1656,1750,1848,2166,2263,2362,2426,2524,2679,2756,2847,2928,2972,3037,3112,3288,3353,3539,3667,3776,3900,4101,4291,4377,4703,4799,4978,5123,5266,5380,5594,6017,6287,6468,6712,6879,7064,7218,7364,7530,7777,8017,8129,8287,8491,8662,8808,8965,9082,9260,9442,9538,9701,9801,9864,9945,10069,10117,10334,10455,10590,10691,10788,10933,11041,11163,11297,11443,11557,11621,11767,12201,12410,12495,12743,12971,13099,13351,13568,13852,14066,14403,14574,14704,14993,15217,15402,15789,16020,16257,16563,16905,17148,17431,17667,17968,18165,18406,18890,19115,19588,19944,20145,20459,21035,21409,21612,21898,22188,22499,23200,23200,25059,25730,26369,27071,27532,27766,28168,28733,29361,30071,30702,31187,31384,31910,32399,32914,33360,33563,33811,33973,34281,34677,35216,35511,35712,35922,36050,36407,36702,37074,37296,37554,37742,37808,37948,38085,38085,38085,38085,38085,38085,38534,38628,38806,38935,39044,39149,39188,39261,39314,39424,39490,39533,39579,39606,39651,39685,39735,39789,39821,39848,39860,39883,39911,39942,39979,40019,40019,40055,40063,40102,40154,40168,40199,40213,40221,40243,40261,40300,40322,40335,40357,40367,40395,40408,40426,40452,40452,40464,40479,40490,40520,40535,40544,40544,40581,40591,40593,40607,40625,40651,40651,40671,40687,40719,40719,40734,40751,40767,40794,40820,40839,40867,40889,40924,40962,40962,41016,41023,41046
93,,Congo (Brazzaville),-0.228,15.8277,0,0,0,0,0,0,0,0,0,0,0,0,0,0,0,0,0,0,0,0,0,0,0,0,0,0,0,0,0,0,0,0,0,0,0,0,0,0,0,0,0,0,0,0,0,0,0,0,0,0,0,0,0,1,1,1,1,3,3,3,3,4,4,4,4,4,4,19,19,19,19,22,22,22,45,45,45,45,60,60,60,60,60,60,117,117,143,143,143,160,165,186,186,200,200,200,200,207,207,220,229,229,229,236,236,264,264,274,274,274,333,333,333,391,391,391,391,412,420,420,469,469,487,487,487,487,571,571,571,571,611,611,611,611,611,635,683,683,683,728,728,728,728,728,728,883,883,883,883,883,883,883,1087,1087,1087,1087,1087,1087,1087,1087,1087,1382,1382,1557,1557,1557,1557,1557,1821,1821,2028,2028,2028,2028,2028,2222,2358,2633,2633,2633,2851,2851,2851,2851,3038,3038,3038,3200,3200,3200,3200,3200,3200,3200,3546,3546,3546,3546,3637,3664,3664,3664,3745,3745,3745,3745,3745,3831,3831,3831,3850,3850,3850,3850,3850,3979,3979,3979,3979,3979,3979,3979,3979,3979,4628,4628,4628,4628,4628,4891,4891,4891,4891,4928,4928,4928,4934,4934,4934,4934,4980,4986,4986,5002,5002,5005,5005,5005,5005,5008,5008,5008,5089,5089,5089,5089,5089,5089,5089,5089,5089,5118,5118,5118,5118,5118,5156,5156,5156,5156,5156,5156,5156,5156,5156,5156,5253,5253,5253,5253,5253,5290,5290,5290,5290,5290,5348,5348,5348,5379,5379,5379,5379,5379,5379,5379,5515,5515,5515,5515,5515,5515,5632,5632,5632,5632,5632,5632,5632,5632,5774,5774,5774,5774,5774,5774,5774,5774,5774,5774,5774,5774,6049,6049,6049,6049,6049,6200,6200,6200,6200,6200,6200,6200,6200,6571,6571,6571,6571,6908,6908,6908,6908,6908,7107,7107,7107,7107,7107,7107,7127,7127,7127,7127,7127,7127,7160,7160,7160,7709,7709,7709,7709,7709,7709,7794,7794,7794,7794,7887,7887,7887,7887,7887,7887,7887,7887,7887,7887,8060,8060,8060,8060,8060,8060,8354,8354,8419,8419,8419,8419,8419,8419,8419,8419,8419,8625,8625,8625,8820,8820,8820,8820,8820,8820,8820,8820,9179,9179,9179,9179,9179,9179,9329,9329,9329,9329,9329,9329,9329,9329,9564,9564,9564,9564,9564,9564,9681,9681,9681,9681,9681,9681,9681,9681,9681,9681,9681,9681,9681,10084,10084
245,,Togo,8.6195,0.8248,0,0,0,0,0,0,0,0,0,0,0,0,0,0,0,0,0,0,0,0,0,0,0,0,0,0,0,0,0,0,0,0,0,0,0,0,0,0,0,0,0,0,0,0,1,1,1,1,1,1,1,1,1,1,1,1,1,1,9,16,16,18,20,23,23,25,25,25,30,34,36,39,40,41,44,58,65,70,73,76,76,76,77,77,81,81,83,84,84,84,86,88,88,90,96,98,98,99,109,116,123,123,124,126,128,128,135,145,153,174,181,199,219,238,263,298,301,330,338,340,354,363,373,381,386,391,395,422,428,433,442,443,445,452,465,485,487,495,497,501,522,524,525,530,530,531,537,544,547,555,561,569,569,576,583,588,591,615,642,643,650,661,667,671,676,680,680,689,695,704,710,710,720,721,731,740,749,766,774,778,783,790,806,828,839,853,868,874,896,896,908,941,958,961,976,988,1001,1012,1028,1046,1060,1067,1070,1092,1104,1124,1130,1147,1154,1173,1190,1212,1239,1275,1277,1295,1309,1326,1326,1365,1390,1396,1400,1416,1434,1443,1457,1477,1488,1493,1513,1528,1537,1548,1555,1572,1578,1595,1608,1618,1640,1659,1666,1669,1683,1701,1707,1722,1736,1743,1749,1759,1784,1809,1818,1840,1854,1864,1881,1898,1907,1921,1935,1940,1949,1972,1983,1996,2027,2049,2057,2071,2104,2120,2139,2162,2187,2200,2204,2229,2238,2296,2312,2331,2357,2364,2381,2406,2442,2460,2483,2516,2523,2558,2593,2605,2627,2651,2675,2693,2722,2752,2771,2796,2829,2843,2854,2872,2889,2904,2926,2946,2962,2974,2997,3014,3039,3051,3051,3095,3111,3132,3151,3182,3202,3221,3251,3266,3295,3315,3330,3350,3396,3416,3436,3467,3494,3520,3546,3555,3555,3576,3604,3611,3633,3662,3683,3702,3722,3770,3807,3845,3894,3932,3957,3978,4045,4109,4165,4220,4272,4302,4324,4383,4459,4505,4545,4636,4662,4682,4682,4870,4922,4922,5041,5074,5092,5166,5224,5290,5356,5436,5483,5496,5576,5606,5687,5757,5823,5874,5882,5953,6007,6085,6182,6268,6319,6348,6466,6548,6637,6730,6851,6901,6933,7086,7188,7323,7428,7521,7570,7598,7680,7737,7857,7953,7953,8070,8222,8322,8472,8582,8695,8839,8918,8960,9147,9147,9506,9676,9676,9955,9992,10249,10249,10654,10848,11064,11187,11249,11310,11501
115,,Ethiopia,9.145,40.4897,0,0,0,0,0,0,0,0,0,0,0,0,0,0,0,0,0,0,0,0,0,0,0,0,0,0,0,0,0,0,0,0,0,0,0,0,0,0,0,0,0,0,0,0,0,0,0,0,0,0,0,1,1,1,5,5,6,6,9,9,11,11,12,12,12,16,16,21,23,26,29,29,35,38,43,44,52,55,56,65,69,71,74,82,85,92,96,105,108,111,114,116,116,117,122,123,124,126,130,131,133,133,135,140,145,162,191,194,210,239,250,261,263,272,287,306,317,352,365,389,399,433,494,582,655,701,731,831,968,1063,1172,1257,1344,1486,1636,1805,1934,2020,2156,2336,2506,2670,2915,3166,3345,3521,3630,3759,3954,4070,4469,4532,4663,4848,5034,5175,5425,5570,5689,5846,5846,5846,5846,5846,5846,5846,5846,5846,6774,6973,7120,7402,7560,7766,7969,8181,8475,8803,9147,9503,10207,11072,11524,11933,12693,13248,13968,14547,15200,15810,16615,17530,17999,18706,19289,19877,20336,20900,21452,22253,22818,23591,24175,25118,26204,27242,28894,29876,31336,32722,34058,35836,37665,39033,40671,42143,43688,45221,46407,48140,49654,51122,52131,53304,54409,55213,56516,57466,58672,59648,60784,61700,62578,63367,63888,64301,64786,65486,66224,66913,67515,68131,68820,69709,70422,71083,71687,72173,72700,73332,73944,74584,75368,76098,76988,77860,78819,79437,80003,80895,81797,82662,83429,84295,85136,85718,86430,87169,87834,88434,89137,89860,90490,91118,91693,92229,92858,93343,93707,94218,94820,95301,95789,96169,96583,96942,97502,97881,98391,98746,99201,99675,99982,100327,100727,101248,101757,102321,102720,103056,103395,103928,104427,104879,105352,105785,106203,106591,107109,107669,108438,108930,109534,110074,110554,110984,111579,112091,112740,113295,113735,114266,114834,115360,115782,116297,116769,117242,117542,118006,118481,119025,119494,119951,120348,120638,120989,121399,121880,122413,122864,123145,123388,123856,124264,124652,125049,125622,125919,126241,126786,127227,127572,127792,128316,128616,128992,129455,129922,130326,130772,131195,131546,131727,132034,132326,132881,133298,133767,134132,134569,135045,135594,136365,137021,137650,138384,138861,139408,140157,140883,141453,142338,142994,143566,144249,144862,145548,145704,147092,147825,148490,149308,150179,151016,151857,152806,153541,154257,155234,156112,157047,158053,159072,159972,160813,161974,162954,164073,165029,166138,167133,168335,169878,171210,172571,174054,175467,176618,178108,179812,181869,183863,185641,187365,188902,190594,192575,194524,196621,198794,200563,202545,204521,206589,208961,211314,213311,215189,217327,219381,221544
272,,Zambia,-13.133897,27.849332,0,0,0,0,0,0,0,0,0,0,0,0,0,0,0,0,0,0,0,0,0,0,0,0,0,0,0,0,0,0,0,0,0,0,0,0,0,0,0,0,0,0,0,0,0,0,0,0,0,0,0,0,0,0,0,0,2,2,2,2,3,3,3,12,16,22,28,29,35,35,36,39,39,39,39,39,39,39,39,40,40,43,45,45,48,48,52,57,61,65,70,74,76,84,84,88,88,95,97,106,109,119,124,137,138,146,153,167,252,267,267,441,446,654,654,679,753,761,772,832,866,920,920,920,920,920,1057,1057,1057,1057,1057,1089,1089,1089,1089,1089,1089,1089,1200,1200,1200,1200,1321,1357,1358,1382,1405,1412,1416,1430,1430,1430,1430,1477,1489,1497,1531,1531,1557,1568,1594,1632,1632,1632,1632,1632,1632,1895,1895,1895,1895,1895,1895,1895,1895,1895,1895,2810,2980,2980,3326,3386,3583,3789,3856,4328,4481,4552,5002,5249,5555,5963,6228,6347,6580,6793,7022,7164,7486,7903,8085,8210,8275,8501,8663,9021,9186,9343,9839,9981,10218,10372,10627,10831,11082,11148,11285,11376,11601,11779,11902,12025,12097,12381,12415,12523,12639,12709,12776,12836,12952,13112,13214,13323,13466,13539,13720,13819,13887,13928,14022,14070,14131,14175,14389,14443,14491,14515,14612,14641,14660,14715,14759,14802,14830,14974,15052,15089,15170,15224,15301,15339,15415,15458,15549,15587,15616,15659,15659,15789,15853,15897,15982,16000,16035,16095,16117,16117,16200,16243,16285,16325,16415,16432,16480,16543,16661,16698,16770,16819,16908,16954,16971,16997,17036,17056,17093,17097,17123,17187,17243,17280,17350,17373,17394,17424,17454,17466,17535,17553,17569,17589,17608,17647,17665,17700,17730,17857,17898,17916,17931,17963,18062,18091,18161,18217,18274,18322,18428,18456,18504,18575,18620,18716,18768,18881,19122,19234,19571,19671,19834,19943,20177,20462,20725,20997,21230,21582,21993,22645,23495,24297,25326,26567,27728,28596,29757,31100,32800,34278,36074,37605,38207,39515,40949,42213,43333,44592,45337,46146,47622,48911,50319,51624,53352,54217,55042,56233,57489,59003,60427,61427,62633,63573,64610,65573,66598,67681,68454,69437,70248,70823,71677,72467,73203,73894,74503,75027,75582,76484,77171,77639,78202,78534,79002,79557,80090,80687,81341,82011,82421,82655,82897,83333,83913,84240,84474,84797,84950,85240,85502,85889,86059,86273,86449,86535,86779,86993,87318,87583,87583,87872,88012,88199,88418,88549,88730,88800,88930,89009,89071,89386
176,,Mali,17.570692,-3.996166,0,0,0,0,0,0,0,0,0,0,0,0,0,0,0,0,0,0,0,0,0,0,0,0,0,0,0,0,0,0,0,0,0,0,0,0,0,0,0,0,0,0,0,0,0,0,0,0,0,0,0,0,0,0,0,0,0,0,0,0,0,0,0,2,4,11,18,18,25,28,31,36,39,41,45,47,56,59,74,87,87,105,123,144,148,171,171,216,224,246,258,293,309,325,370,389,408,424,482,490,508,544,563,580,612,631,650,668,692,704,712,730,758,779,806,835,860,874,901,931,947,969,1015,1030,1059,1077,1116,1194,1226,1250,1265,1315,1351,1386,1461,1485,1523,1533,1547,1586,1667,1722,1752,1776,1809,1860,1885,1890,1906,1923,1933,1933,1961,1978,2005,2039,2060,2118,2147,2173,2181,2202,2260,2285,2303,2330,2331,2348,2358,2370,2404,2406,2411,2412,2423,2433,2440,2467,2472,2475,2475,2477,2494,2494,2503,2503,2510,2513,2520,2521,2522,2535,2535,2541,2543,2543,2546,2552,2561,2565,2567,2573,2577,2582,2597,2597,2614,2640,2640,2666,2667,2667,2688,2699,2705,2708,2713,2717,2730,2736,2757,2773,2776,2777,2802,2807,2814,2833,2842,2870,2882,2898,2909,2912,2916,2924,2935,2940,2966,2966,2991,3006,3013,3024,3030,3034,3041,3064,3080,3086,3090,3101,3118,3131,3156,3170,3184,3189,3195,3210,3235,3248,3273,3286,3296,3297,3352,3368,3378,3379,3388,3407,3411,3428,3440,3444,3472,3490,3499,3515,3530,3537,3545,3554,3565,3573,3584,3609,3633,3657,3676,3706,3712,3745,3753,3792,3806,3868,3900,3948,3980,4033,4093,4169,4206,4255,4326,4417,4461,4505,4567,4659,4688,4710,4762,4837,4880,4938,5062,5135,5290,5442,5469,5576,5649,5721,5814,5836,5878,5969,6049,6120,6164,6191,6232,6291,6347,6441,6488,6574,6629,6703,6796,7029,7090,7203,7226,7253,7260,7349,7395,7427,7512,7565,7600,7664,7687,7738,7759,7800,7823,7839,7855,7880,7897,7911,7937,7965,7983,7995,8006,8037,8056,8063,8069,8091,8100,8111,8119,8130,8145,8160,8176,8181,8192,8203,8218,8222,8226,8229,8235,8241,8256,8256,8260,8292,8299,8306,8324,8332,8349,8358,8365,8376,8390,8420,8446,8470,8509,8560,8580,8613,8613,8710,8782,8813,8862,8913,8933,9018,9066,9118,9191,9270,9330,9380,9474,9577,9647,9719,9773,9871,9921,9998,10042,10199,10285,10432,10580,10620,10758,10841
139,,Guinea-Bissau,11.8037,-15.1804,0,0,0,0,0,0,0,0,0,0,0,0,0,0,0,0,0,0,0,0,0,0,0,0,0,0,0,0,0,0,0,0,0,0,0,0,0,0,0,0,0,0,0,0,0,0,0,0,0,0,0,0,0,0,0,0,0,0,0,0,0,0,0,2,2,2,2,2,8,8,9,9,15,18,18,18,33,33,36,36,38,38,38,38,43,43,43,46,50,50,50,50,50,52,52,53,73,73,205,205,257,257,257,413,413,475,564,594,641,726,761,820,836,913,913,969,990,1032,1038,1089,1109,1114,1114,1114,1178,1178,1195,1195,1256,1256,1256,1339,1339,1339,1339,1368,1368,1368,1389,1389,1389,1389,1460,1460,1460,1492,1492,1492,1492,1541,1541,1541,1556,1556,1556,1556,1614,1614,1614,1654,1654,1654,1654,1765,1765,1765,1790,1790,1790,1790,1842,1842,1842,1842,1842,1842,1902,1927,1949,1949,1949,1954,1954,1954,1954,1954,1954,1954,1954,1954,1981,1981,1981,1981,1981,1981,2032,2032,2032,2052,2052,2052,2088,2088,2088,2088,2117,2117,2117,2117,2117,2149,2149,2149,2149,2149,2149,2205,2205,2205,2205,2205,2205,2205,2205,2205,2245,2245,2245,2245,2245,2245,2275,2275,2275,2275,2275,2275,2275,2275,2303,2303,2303,2303,2324,2324,2324,2324,2324,2324,2324,2324,2324,2324,2362,2362,2362,2385,2385,2385,2385,2385,2385,2385,2389,2389,2389,2389,2389,2389,2389,2403,2403,2403,2403,2403,2403,2403,2403,2403,2403,2403,2403,2413,2413,2413,2413,2414,2414,2414,2414,2414,2419,2419,2419,2419,2419,2419,2419,2419,2419,2421,2421,2421,2421,2421,2422,2422,2422,2422,2422,2422,2422,2441,2441,2441,2441,2441,2441,2441,2444,2444,2444,2444,2444,2444,2444,2444,2447,2447,2447,2447,2447,2447,2447,2447,2447,2447,2447,2447,2447,2447,2452,2452,2452,2452,2452,2455,2455,2455,2455,2455,2455,2455,2478,2478,2478,2478,2478,2478,2478,2509,2509,2510,2510,2510,2510,2510,2532,2532,2532,2532,2532,2532,2532,2634,2634,2634,2662,2662,2752,2772,2780,2780,2810,2826,2848,2869,2885,2924,2924,2950,2999,3025,3064,3091,3115,3115,3156,3171,3215,3241,3247,3262,3262,3271,3282,3301,3303,3312,3312,3312,3319,3327,3380,3398,3436,3447,3447,3469,3488,3518,3536,3558,3568,3568,3586,3591,3607,3615,3630,3634,3634,3647,3650,3661,3661,3661,3662,3662,3662,3663
112,,Eritrea,15.1794,39.7823,0,0,0,0,0,0,0,0,0,0,0,0,0,0,0,0,0,0,0,0,0,0,0,0,0,0,0,0,0,0,0,0,0,0,0,0,0,0,0,0,0,0,0,0,0,0,0,0,0,0,0,0,0,0,0,0,0,0,0,1,1,1,1,4,6,6,6,12,12,15,15,22,22,29,29,31,31,33,33,34,34,34,34,34,35,35,35,39,39,39,39,39,39,39,39,39,39,39,39,39,39,39,39,39,39,39,39,39,39,39,39,39,39,39,39,39,39,39,39,39,39,39,39,39,39,39,39,39,39,39,39,39,39,39,39,39,39,39,39,39,41,41,41,65,96,109,121,131,142,142,143,143,143,143,144,144,167,191,191,191,203,203,215,215,215,215,215,215,215,232,232,232,232,232,232,232,251,251,251,251,251,251,251,261,261,263,263,265,265,265,279,279,279,279,282,282,282,282,285,285,285,285,285,285,285,285,285,285,285,304,304,306,306,306,306,306,315,315,317,317,318,318,319,319,319,330,330,330,330,330,341,341,361,361,361,361,361,364,364,364,364,364,364,364,364,364,369,369,375,375,375,375,375,381,381,398,398,398,398,398,405,405,414,414,414,414,414,422,422,452,452,452,452,452,457,461,461,461,461,461,461,461,463,463,463,480,480,480,484,484,491,491,491,491,491,493,493,493,493,518,518,518,527,527,551,551,558,558,558,566,566,577,577,577,577,577,594,632,632,632,649,649,649,656,656,711,711,711,711,711,741,741,754,754,807,832,877,951,992,992,1039,1039,1220,1252,1320,1320,1320,1320,1363,1363,1445,1445,1556,1556,1556,1556,1596,1596,1805,1877,1877,1877,1877,1877,1910,1913,1940,1940,1940,1950,1970,2085,2085,2135,2135,2135,2135,2267,2309,2309,2326,2326,2326,2326,2401,2418,2429,2429,2429,2429,2566,2566,2627,2675,2685,2685,2685,2703,2773,2789,2826,2847,2847,2847,2866,2884,2892,2913,2922,2944,2944,2944,2944,2988,3009,3038,3038,3038,3055,3062,3078,3095,3118,3118,3118,3118,3118,3183,3192,3208,3208,3208,3251,3279,3285,3308,3334,3334,3334,3340,3363,3374
242,,Tanzania,-6.369028,34.888822,0,0,0,0,0,0,0,0,0,0,0,0,0,0,0,0,0,0,0,0,0,0,0,0,0,0,0,0,0,0,0,0,0,0,0,0,0,0,0,0,0,0,0,0,0,0,0,0,0,0,0,0,0,0,1,1,3,6,6,6,12,12,12,12,13,13,14,14,19,19,20,20,20,20,22,24,24,25,25,32,32,32,49,53,88,94,147,147,170,254,254,284,284,299,299,299,299,299,480,480,480,480,480,480,480,480,480,509,509,509,509,509,509,509,509,509,509,509,509,509,509,509,509,509,509,509,509,509,509,509,509,509,509,509,509,509,509,509,509,509,509,509,509,509,509,509,509,509,509,509,509,509,509,509,509,509,509,509,509,509,509,509,509,509,509,509,509,509,509,509,509,509,509,509,509,509,509,509,509,509,509,509,509,509,509,509,509,509,509,509,509,509,509,509,509,509,509,509,509,509,509,509,509,509,509,509,509,509,509,509,509,509,509,509,509,509,509,509,509,509,509,509,509,509,509,509,509,509,509,509,509,509,509,509,509,509,509,509,509,509,509,509,509,509,509,509,509,509,509,509,509,509,509,509,509,509,509,509,509,509,509,509,509,509,509,509,509,509,509,509,509,509,509,509,509,509,509,509,509,509,509,509,509,509,509,509,509,509,509,509,509,509,509,509,509,509,509,509,509,509,509,509,509,509,509,509,509,509,509,509,509,509,509,509,509,509,509,509,509,509,509,509,509,509,509,509,509,509,509,509,509,509,509,509,509,509,509,509,509,509,509,509,509,509,509,509,509,509,509,509,509,509,509,509,509,509,509,509,509,509,509,509,509,509,509,509,509,509,509,509,509,509,509,509,509,509,509,509,509,509,509,509,509,509,509,509,509,509,509,509,509,509,509,509,509,509,509,509,509,509,509,509,509,509,509,509,509,509,509,509,509,509,509,509,509,509,509,509,509,509,509,509,509,509,509,509,509,509,509,509,509,509,509,509,509,509,509,509,509,509,509,509
25,,Benin,9.3077,2.3158,0,0,0,0,0,0,0,0,0,0,0,0,0,0,0,0,0,0,0,0,0,0,0,0,0,0,0,0,0,0,0,0,0,0,0,0,0,0,0,0,0,0,0,0,0,0,0,0,0,0,0,0,0,0,1,1,2,2,2,2,2,5,6,6,6,6,6,6,6,9,13,13,16,16,22,26,26,26,26,35,35,35,35,35,35,35,35,35,35,54,54,54,54,54,54,64,64,64,64,64,90,90,90,96,96,96,140,242,284,319,319,327,327,339,339,339,339,339,130,130,135,135,135,191,191,208,210,210,224,224,232,243,244,244,261,261,261,261,288,305,305,305,388,412,442,483,532,572,597,650,650,765,807,850,902,1017,1053,1124,1149,1187,1199,1199,1199,1199,1199,1199,1199,1199,1199,1285,1285,1378,1378,1378,1378,1378,1463,1602,1602,1602,1602,1602,1690,1694,1694,1694,1770,1770,1770,1805,1805,1805,1805,1805,1805,1914,1936,1936,1936,1936,1936,1936,2001,2014,2014,2014,2063,2063,2063,2063,2095,2095,2095,2115,2115,2115,2115,2145,2145,2145,2145,2145,2145,2145,2194,2194,2194,2213,2213,2213,2213,2242,2242,2242,2242,2267,2267,2267,2280,2280,2280,2280,2280,2294,2294,2325,2325,2325,2325,2340,2340,2340,2357,2357,2357,2357,2357,2357,2357,2411,2411,2411,2411,2411,2411,2411,2478,2496,2496,2496,2496,2496,2496,2557,2557,2557,2557,2557,2557,2557,2643,2643,2643,2643,2683,2683,2683,2745,2745,2745,2745,2745,2781,2781,2844,2844,2844,2844,2844,2884,2884,2916,2916,2916,2916,2916,2916,2916,2974,2974,2974,2974,2974,3015,3015,3055,3055,3055,3055,3055,3073,3073,3090,3090,3090,3090,3090,3090,3090,3152,3152,3152,3152,3167,3167,3167,3205,3205,3205,3205,3205,3205,3205,3251,3251,3251,3251,3251,3251,3304,3304,3304,3304,3304,3304,3363,3363,3413,3413,3413,3413,3413,3413,3413,3557,3582,3643,3643,3643,3643,3643,3786,3786,3786,3786,3893,3893,3893,4119,4119,4193,4193,4193,4193,4193,4560,4560,4560,4560,4560,5039,5039,5143,5143,5143,5143,5434,5434,5434,5434,5434,5434,5434,5434,5434,5434,6071,6071,6071,6071,6071,6338,6338,6501,6501,6501,6501,6501,6501,6501,6501,6501,6818,6818,6818,6818,6818,7100,7100,7100,7100,7100,7100,7100,7100,7313,7313,7313,7313,7313,7313,7313
130,,Gabon,-0.8037,11.6094,0,0,0,0,0,0,0,0,0,0,0,0,0,0,0,0,0,0,0,0,0,0,0,0,0,0,0,0,0,0,0,0,0,0,0,0,0,0,0,0,0,0,0,0,0,0,0,0,0,0,0,0,1,1,1,1,1,1,3,4,5,5,6,6,7,7,7,7,7,16,18,21,21,21,21,24,30,34,44,44,46,49,57,57,80,80,108,108,109,120,156,166,167,172,176,176,211,238,276,276,276,335,335,367,397,397,504,620,661,661,802,863,1004,1104,1209,1320,1320,1432,1502,1567,1567,1728,1934,1934,2135,2238,2319,2431,2613,2655,2655,2655,2803,2902,2955,3101,3101,3101,3101,3247,3375,3463,3463,3463,3463,4033,4114,4229,4340,4428,4428,4428,4739,4849,4956,5087,5209,5209,5209,5394,5394,5513,5513,5620,5620,5620,5743,5743,5871,5871,5942,5942,5942,6026,6026,6121,6121,6315,6315,6315,6433,6433,6588,6588,6984,6984,6984,7189,7189,7352,7352,7352,7531,7531,7646,7646,7787,7787,7923,7923,7923,8006,8006,8077,8077,8225,8225,8225,8270,8270,8319,8319,8388,8388,8388,8409,8409,8468,8468,8505,8505,8505,8533,8533,8538,8538,8601,8601,8601,8608,8608,8621,8621,8643,8643,8643,8654,8654,8678,8678,8696,8696,8696,8704,8704,8716,8716,8728,8728,8728,8728,8752,8766,8766,8797,8797,8797,8808,8808,8815,8815,8835,8835,8835,8860,8860,8869,8869,8881,8881,8881,8884,8884,8901,8901,8919,8919,8919,8937,8937,8957,8957,8968,8968,8968,8984,8984,9005,9005,9022,9022,9022,9029,9029,9048,9048,9062,9062,9062,9084,9084,9084,9116,9131,9131,9131,9150,9150,9173,9173,9191,9191,9191,9214,9214,9239,9239,9254,9254,9254,9278,9278,9300,9300,9330,9330,9330,9351,9351,9373,9373,9400,9400,9400,9420,9420,9469,9469,9497,9497,9497,9510,9510,9571,9571,9571,9571,9571,9605,9605,9641,9641,9694,9694,9694,9740,9740,9819,9819,9899,9899,9899,10019,10019,10120,10120,10278,10278,10278,10411,10411,10536,10536,10748,10748,10748,10952,10952,11129,11129,11457,11457,11457,11836,11836,12171,12171,12577,12577,12577,12865,12865,13107,13107,13553,13553,13553,13884,13884,14234,14234,14564,14564,14564,14849,14849,15254,15254,15254,15625,15625,16015,16015,16313,16313,16660,16660,16660,16945,16945,17297,17297,17711,17711,17711,18078,18078,18426,18426,18426,18777,18777,19140,19140,19550,19550,19863,19863,19863,19863,19863,20265
111,,Equatorial Guinea,1.6508,10.2679,0,0,0,0,0,0,0,0,0,0,0,0,0,0,0,0,0,0,0,0,0,0,0,0,0,0,0,0,0,0,0,0,0,0,0,0,0,0,0,0,0,0,0,0,0,0,0,0,0,0,0,0,0,1,1,1,4,6,6,6,6,9,9,9,12,12,12,12,12,12,15,15,16,16,16,16,16,18,18,18,18,21,21,41,51,51,79,79,79,79,83,84,84,214,258,258,258,315,315,315,315,315,315,315,315,439,439,439,439,439,439,439,522,583,594,594,594,719,825,890,903,960,960,960,1043,1043,1043,1043,1306,1306,1306,1306,1306,1306,1306,1306,1306,1306,1306,1306,1306,1306,1306,1306,1306,1306,1664,1664,1664,1664,1664,1664,1664,1664,1664,2001,2001,2001,2001,2001,2001,2001,3071,3071,3071,3071,3071,3071,3071,3071,3071,3071,3071,3071,3071,3071,3071,3071,3071,3071,3071,3071,3071,3071,3071,3071,3071,3071,3071,3071,3071,4821,4821,4821,4821,4821,4821,4821,4821,4821,4821,4821,4821,4821,4821,4821,4821,4821,4821,4821,4892,4892,4926,4926,4926,4926,4926,4928,4928,4941,4941,4941,4941,4965,4965,4965,4972,4972,4972,4985,4985,4990,4990,4996,4996,4996,5000,5000,5000,5002,5002,5002,5002,5002,5018,5018,5018,5018,5028,5028,5028,5030,5030,5045,5045,5045,5045,5045,5052,5052,5062,5063,5063,5063,5066,5066,5068,5068,5068,5070,5070,5070,5074,5074,5074,5074,5079,5079,5079,5083,5083,5083,5083,5088,5088,5089,5089,5089,5092,5092,5092,5092,5092,5102,5102,5104,5104,5104,5104,5104,5121,5121,5121,5121,5130,5130,5137,5137,5137,5146,5146,5153,5153,5153,5156,5156,5159,5159,5159,5159,5166,5166,5183,5183,5183,5185,5185,5185,5195,5195,5214,5214,5214,5214,5231,5231,5236,5236,5236,5236,5248,5248,5248,5264,5277,5277,5277,5277,5279,5279,5286,5286,5289,5289,5289,5296,5296,5316,5316,5316,5356,5356,5365,5365,5365,5365,5401,5401,5401,5454,5454,5492,5492,5516,5516,5516,5534,5534,5534,5534,5578,5578,5578,5614,5614,5658,5663,5663,5694,5694,5694,5694,5694,5747,5747,5798,5798,5798,5852,5852,5852,5957,6005,6005,6095,6095,6210,6210,6210,6329,6329,6371,6371,6371,6456,6456,6562,6562,6562,6603,6603,6666,6666,6736,6736,6780,6780,6851,6851,6851,6902,6902,6914,6914,6914,7008,7008,7008,7008,7059,7059,7059
189,,Namibia,-22.9576,18.4904,0,0,0,0,0,0,0,0,0,0,0,0,0,0,0,0,0,0,0,0,0,0,0,0,0,0,0,0,0,0,0,0,0,0,0,0,0,0,0,0,0,0,0,0,0,0,0,0,0,0,0,0,2,2,2,2,2,3,3,3,3,4,7,7,8,8,8,11,11,11,14,14,14,14,16,16,16,16,16,16,16,16,16,16,16,16,16,16,16,16,16,16,16,16,16,16,16,16,16,16,16,16,16,16,16,16,16,16,16,16,16,16,16,16,16,16,16,16,16,16,18,19,20,21,21,21,22,22,23,23,24,25,25,25,25,25,29,29,31,31,31,31,31,32,32,32,34,36,39,45,46,55,63,72,76,102,121,136,183,196,205,285,293,350,375,412,485,539,593,615,668,668,785,861,864,960,1032,1078,1203,1247,1344,1366,1402,1522,1618,1687,1775,1843,1917,1986,2052,2129,2224,2294,2406,2470,2540,2652,2802,2802,2949,3101,3229,3406,3544,3726,3907,4154,4344,4464,4665,4912,5227,5538,5854,6030,6160,6431,6712,6906,7116,7365,7550,7692,7844,8082,8323,8514,8685,8810,8928,9108,9256,9437,9604,9719,9818,9901,9964,10078,10207,10292,10377,10526,10607,10663,10740,10835,10918,11033,11121,11140,11265,11373,11480,11572,11626,11654,11673,11714,11781,11829,11891,11936,11989,12000,12069,12103,12215,12263,12293,12326,12367,12406,12460,12501,12579,12660,12675,12729,12806,12858,12907,12935,12988,13012,13030,13046,13090,13143,13170,13211,13240,13253,13292,13345,13372,13449,13508,13555,13566,13610,13662,13712,13811,13865,13897,13938,14006,14155,14207,14285,14345,14380,14416,14477,14599,14804,14950,15078,15219,15298,15472,15773,16097,16269,16536,16726,16913,17276,17607,18041,18437,18714,19299,19629,19984,20579,21262,21398,21923,22287,22851,23333,23941,24545,24654,25116,25386,25887,26319,26682,27255,27723,28259,28602,28871,29183,29570,29889,30198,30363,30753,30995,31253,31515,31848,32213,32425,32650,32957,33265,33459,33696,33832,33944,34168,34270,34372,34519,34615,34844,34973,35070,35201,35242,35353,35554,35797,35952,36225,36366,36440,36680,36993,37295,37483,37742,37896,37976,38206,38424,38642,38845,39033,39182,39297,39466,39676,39877,40030,40187,40337,40451,40631,40810,41025,41200,41424,41466,41546,41684,41965,42203,42477,42653,42771,42864,43010,43179,43499,43632,43923,44051,44139,44374,44581,44683,44790,44886,45008,45039
4,,Angola,-11.2027,17.8739,0,0,0,0,0,0,0,0,0,0,0,0,0,0,0,0,0,0,0,0,0,0,0,0,0,0,0,0,0,0,0,0,0,0,0,0,0,0,0,0,0,0,0,0,0,0,0,0,0,0,0,0,0,0,0,0,0,0,1,2,2,3,3,3,4,4,5,7,7,7,8,8,8,10,14,16,17,19,19,19,19,19,19,19,19,19,19,24,24,24,24,25,25,25,25,26,27,27,27,27,30,35,35,35,36,36,36,43,43,45,45,45,45,48,48,48,48,50,52,52,58,60,61,69,70,70,71,74,81,84,86,86,86,86,86,86,88,91,92,96,113,118,130,138,140,142,148,155,166,172,176,183,186,189,197,212,212,259,267,276,284,291,315,328,346,346,346,386,386,396,458,462,506,525,541,576,607,638,687,705,749,779,812,851,880,916,932,950,1000,1078,1109,1148,1164,1199,1280,1344,1395,1483,1538,1572,1672,1679,1735,1762,1815,1852,1879,1906,1935,1966,2015,2044,2068,2134,2171,2222,2283,2332,2415,2471,2551,2624,2654,2729,2777,2805,2876,2935,2965,2981,3033,3092,3217,3279,3335,3388,3439,3569,3675,3789,3848,3901,3991,4117,4236,4363,4475,4590,4672,4718,4797,4905,4972,5114,5211,5370,5402,5530,5725,5725,5958,6031,6246,6366,6488,6680,6846,7096,7222,7462,7622,7829,8049,8338,8582,8829,9026,9381,9644,9871,10074,10269,10558,10805,11035,11228,11577,11813,12102,12223,12335,12433,12680,12816,12953,13053,13228,13374,13451,13615,13818,13922,14134,14267,14413,14493,14634,14742,14821,14920,15008,15087,15103,15139,15251,15319,15361,15493,15536,15591,15648,15729,15804,15925,16061,16161,16188,16277,16362,16407,16484,16562,16626,16644,16686,16802,16931,17029,17099,17149,17240,17296,17371,17433,17553,17568,17608,17642,17684,17756,17864,17974,18066,18156,18193,18254,18343,18425,18613,18679,18765,18875,18926,19011,19093,19177,19269,19367,19399,19476,19553,19580,19672,19723,19782,19796,19829,19900,19937,19996,20030,20062,20086,20112,20163,20210,20261,20294,20329,20366,20381,20389,20400,20452,20478,20499,20519,20548,20584,20640,20695,20759,20782,20807,20854,20882,20923,20981,21026,21055,21086,21108,21114,21161,21205,21265,21323,21380,21407,21446,21489,21558,21642,21696,21733,21757,21774,21836,21914,21961,22031,22063,22132,22182,22311,22399,22467,22579,22631,22717,22885,23010
166,,Liberia,6.428055,-9.429499,0,0,0,0,0,0,0,0,0,0,0,0,0,0,0,0,0,0,0,0,0,0,0,0,0,0,0,0,0,0,0,0,0,0,0,0,0,0,0,0,0,0,0,0,0,0,0,0,0,0,0,0,0,0,1,1,2,2,2,3,3,3,3,3,3,3,3,3,3,3,6,6,7,10,13,14,14,31,31,37,48,50,59,59,59,59,76,76,91,99,101,101,101,117,120,124,124,141,141,141,152,154,158,166,170,178,189,199,199,199,211,211,213,215,219,223,226,229,233,238,240,249,255,265,265,266,266,269,273,280,288,296,311,316,321,334,345,359,370,383,397,410,421,446,458,498,509,516,542,581,601,626,650,652,662,681,684,729,768,770,780,804,819,833,869,874,891,917,926,957,963,998,1010,1024,1024,1056,1070,1085,1088,1091,1107,1108,1114,1117,1135,1155,1162,1167,1177,1179,1181,1186,1189,1207,1214,1216,1221,1224,1230,1234,1237,1240,1250,1252,1252,1252,1257,1257,1277,1282,1282,1284,1285,1286,1286,1290,1295,1298,1298,1298,1304,1304,1304,1305,1305,1306,1306,1306,1307,1311,1311,1313,1315,1315,1316,1319,1321,1327,1332,1333,1334,1335,1335,1336,1336,1337,1338,1338,1338,1339,1342,1343,1343,1343,1346,1347,1348,1354,1354,1355,1360,1360,1363,1363,1371,1371,1372,1374,1377,1377,1377,1381,1384,1385,1385,1393,1393,1393,1416,1419,1419,1426,1426,1426,1426,1436,1436,1438,1440,1442,1442,1442,1452,1461,1461,1468,1491,1498,1507,1512,1512,1528,1539,1551,1551,1551,1551,1551,1578,1591,1595,1595,1595,1595,1595,1595,1663,1676,1676,1676,1676,1676,1676,1676,1676,1676,1676,1676,1676,1773,1779,1779,1779,1779,1779,1779,1779,1779,1779,1779,1779,1779,1779,1779,1779,1779,1779,1779,1779,1779,1779,1779,1779,1779,1779,1779,1876,1877,1878,1882,1887,1887,1896,1898,1901,1901,1912,1914,1914,1927,1932,1936,1936,1939,1939,1939,1944,1944,1945,1945,1956,1956,1956,1956,1956,1956,1956,1956,1956,1956,1985,1985,1985,1985,1988,1988,1988,1996,1998,2002,2009,2010,2010,2014,2014,2014,2017,2017,2023,2024,2024,2024,2026,2026,2026,2030,2030,2030,2030,2030,2042,2042,2042,2042,2042,2042,2042,2042,2042,2042,2042,2042,2042,2042,2042,2042,2042,2042,2042,2042,2042,2042
224,,Seychelles,-4.6796,55.492,0,0,0,0,0,0,0,0,0,0,0,0,0,0,0,0,0,0,0,0,0,0,0,0,0,0,0,0,0,0,0,0,0,0,0,0,0,0,0,0,0,0,0,0,0,0,0,0,0,0,0,0,2,2,3,4,4,6,7,7,7,7,7,7,7,7,8,8,8,10,10,10,10,10,10,11,11,11,11,11,11,11,11,11,11,11,11,11,11,11,11,11,11,11,11,11,11,11,11,11,11,11,11,11,11,11,11,11,11,11,11,11,11,11,11,11,11,11,11,11,11,11,11,11,11,11,11,11,11,11,11,11,11,11,11,11,11,11,11,11,11,11,11,11,11,11,11,11,11,11,11,11,11,11,11,11,11,20,70,77,81,81,81,81,81,81,81,81,91,94,100,100,100,100,100,100,108,108,108,108,108,108,108,108,108,114,114,114,114,114,114,114,114,114,114,114,126,126,126,126,126,126,127,127,127,127,127,127,127,127,132,132,132,132,132,132,136,136,136,136,136,136,136,136,136,136,136,136,136,137,137,137,137,138,139,139,140,140,140,141,141,141,141,143,143,143,143,143,143,143,143,143,144,144,145,146,146,146,148,148,148,148,148,148,148,148,148,148,149,149,149,149,149,151,151,153,153,153,153,153,153,153,153,153,153,153,157,157,157,158,158,158,158,158,158,160,160,160,160,160,160,160,163,163,163,163,166,166,166,166,173,173,173,183,183,183,183,184,184,184,184,184,184,184,187,187,187,187,202,202,202,202,202,202,205,205,205,205,205,205,205,217,217,256,256,256,285,297,322,354,373,373,451,508,531,583,601,612,627,656,696,705,746,746,762,762,972,1033,1033,1069,1116,1129,1149,1162,1186,1205,1223,1243,1279,1289,1289,1504,1513,1575,1695,1695,1768,1802,1892,1892,1910,2058,2211,2280,2305,2328,2401,2464,2514,2562,2562,2592,2592,2618,2688,2849,2890,2928,2950,2979,2979,3000,3032,3032,3132,3173,3173,3315,3342,3354,3486,3566,3616,3770,3770,3798,3798,3882,3882,3996,3996,4084,4114,4114,4135,4135,4259,4290,4290,4320,4320,4332
188,,Mozambique,-18.665695,35.529562,0,0,0,0,0,0,0,0,0,0,0,0,0,0,0,0,0,0,0,0,0,0,0,0,0,0,0,0,0,0,0,0,0,0,0,0,0,0,0,0,0,0,0,0,0,0,0,0,0,0,0,0,0,0,0,0,0,0,0,0,1,1,3,5,7,7,8,8,8,8,10,10,10,10,10,10,10,17,17,20,20,21,21,28,29,31,34,35,39,39,39,41,46,65,70,76,76,76,76,76,79,79,80,80,81,81,81,82,87,91,103,104,104,115,119,129,137,145,146,156,162,164,168,194,209,213,227,233,234,244,254,254,307,316,352,354,409,424,433,453,472,489,509,553,583,609,638,651,662,668,688,733,737,757,762,788,816,839,859,883,889,903,918,939,969,987,1012,1040,1071,1092,1111,1135,1157,1219,1268,1330,1383,1402,1435,1491,1507,1536,1557,1582,1590,1616,1669,1701,1720,1748,1808,1864,1907,1946,1973,2029,2079,2120,2213,2241,2269,2411,2481,2559,2638,2708,2791,2855,2914,2991,3045,3115,3195,3304,3395,3440,3508,3590,3651,3697,3760,3821,3916,4039,4117,4207,4265,4341,4444,4557,4647,4764,4832,4918,5040,5269,5482,5713,5994,6161,6264,6537,6771,6912,7114,7262,7399,7589,7757,7983,8288,8556,8728,8888,8979,9049,9196,9296,9398,9494,9639,9742,9844,10001,10088,10258,10392,10537,10612,10707,10866,11080,11190,11331,11559,11748,11895,11986,12161,12273,12415,12525,12777,12869,12988,13130,13202,13283,13391,13485,13577,13768,13823,13892,13991,14094,14227,14340,14448,14514,14566,14629,14723,14877,14981,15037,15109,15231,15302,15467,15506,15586,15613,15701,15770,15866,15918,16038,16133,16244,16326,16373,16440,16521,16680,16812,16954,17002,17042,17143,17256,17338,17477,17568,17695,17767,17767,18031,18108,18162,18265,18310,18372,18485,18642,18794,18968,19309,19463,19542,19667,19961,20482,21361,21939,22334,22996,23726,24269,25004,25862,26551,27446,28270,29396,30225,30848,31628,32418,32781,34055,34926,35833,37108,37705,38654,39460,40260,41433,42488,43184,44112,44600,44912,45785,46736,47790,48588,49135,50265,50691,51800,52629,53527,54204,54968,55643,56160,56595,56920,57597,58218,58772,59350,59607,59914,60395,61170,61529,62131,62520,62703,62882,63174,63645,64004,64296,64516,64516,64929,65197,65452,65799,66064,66212,66306,66496,66649,66762,66879,67011,67197,67197,67292,67579,67729,67923,68005,68119,68227,68292,68431
114,,Eswatini,-26.5225,31.4659,0,0,0,0,0,0,0,0,0,0,0,0,0,0,0,0,0,0,0,0,0,0,0,0,0,0,0,0,0,0,0,0,0,0,0,0,0,0,0,0,0,0,0,0,0,0,0,0,0,0,0,0,1,1,1,1,1,1,1,1,4,4,4,4,6,9,9,9,9,9,9,9,9,9,9,10,10,12,12,12,12,14,15,15,15,16,16,22,22,24,31,31,31,36,56,59,65,71,91,100,106,108,112,116,119,123,153,159,163,172,175,184,187,187,190,202,203,205,208,217,220,225,238,250,256,261,272,279,279,283,285,293,294,295,300,305,322,333,340,371,398,449,472,486,490,506,520,563,586,623,627,635,643,674,690,706,728,745,781,795,812,840,873,909,954,988,1011,1056,1138,1213,1257,1311,1351,1389,1434,1489,1552,1619,1729,1793,1826,1894,1938,2021,2073,2142,2207,2316,2404,2551,2577,2648,2706,2775,2838,2856,2909,2968,3036,3128,3236,3309,3410,3525,3599,3670,3745,3839,3894,3989,4058,4110,4128,4189,4225,4304,4327,4387,4433,4461,4510,4561,4577,4618,4668,4720,4780,4819,4853,4884,4904,4936,4994,5025,5050,5075,5104,5128,5155,5191,5215,5245,5269,5282,5307,5343,5375,5399,5419,5431,5452,5462,5482,5500,5521,5530,5569,5579,5598,5617,5632,5644,5660,5669,5683,5696,5715,5733,5746,5765,5780,5788,5800,5805,5814,5831,5847,5854,5863,5875,5886,5899,5909,5917,5925,5929,5942,5955,5967,5976,5989,6003,6013,6024,6044,6060,6076,6093,6095,6105,6124,6144,6156,6185,6205,6219,6233,6247,6272,6329,6362,6406,6410,6419,6442,6455,6474,6480,6495,6501,6529,6563,6612,6633,6685,6714,6768,6825,6912,7026,7093,7202,7305,7427,7562,7715,7868,8032,8170,8367,8484,8687,8934,9146,9358,9482,9711,9943,10138,10338,10539,10773,10975,11180,11435,11711,11919,12124,12327,12532,12736,12944,13187,13443,13789,14017,14219,14330,14484,14622,14830,15051,15283,15471,15666,15711,15804,15878,15974,16045,16137,16181,16204,16234,16288,16341,16396,16455,16488,16535,16576,16606,16673,16709,16742,16764,16789,16807,16839,16897,16946,16972,17002,17014,17025,17086,17103,17129,17155,17173,17184,17188,17191,17203,17215,17225,17234,17237,17239,17243,17257,17267,17274,17283,17286,17290,17296,17301,17306,17312,17318,17321,17326,17333,17337,17344,17347,17349,17352,17354,17358,17365
273,,Zimbabwe,-19.015438,29.154857,0,0,0,0,0,0,0,0,0,0,0,0,0,0,0,0,0,0,0,0,0,0,0,0,0,0,0,0,0,0,0,0,0,0,0,0,0,0,0,0,0,0,0,0,0,0,0,0,0,0,0,0,0,0,0,0,0,0,1,3,3,3,3,3,3,5,7,7,7,8,8,9,9,9,9,10,11,11,11,13,14,14,17,17,23,23,24,25,25,25,28,28,28,29,31,31,32,32,32,40,40,34,34,34,34,34,34,34,35,36,36,36,37,37,42,42,44,46,46,48,51,51,56,56,56,56,132,149,149,174,178,203,206,222,237,265,279,282,287,314,320,332,343,356,383,387,391,401,463,479,479,489,512,525,530,551,561,567,567,574,591,605,617,625,698,716,734,787,885,885,942,982,985,1034,1064,1089,1362,1420,1478,1611,1713,1820,2034,2124,2296,2434,2512,2704,2817,2879,3092,3169,3659,3921,4075,4221,4221,4339,4451,4575,4649,4748,4818,4893,4990,5072,5176,5261,5308,5378,5643,5745,5815,5893,5930,6070,6196,6251,6292,6388,6406,6412,6497,6559,6638,6678,6837,6837,6837,7298,7388,7429,7453,7479,7508,7526,7531,7576,7598,7633,7647,7672,7683,7683,7711,7725,7752,7787,7803,7812,7816,7837,7838,7850,7858,7885,7888,7898,7915,7919,7951,7994,8010,8011,8021,8036,8055,8075,8099,8110,8147,8159,8187,8215,8242,8257,8269,8276,8303,8315,8320,8349,8362,8367,8374,8389,8410,8427,8444,8471,8498,8531,8561,8610,8667,8696,8765,8786,8829,8897,8945,8981,9046,9120,9172,9220,9308,9398,9508,9623,9714,9822,9822,9950,10129,10129,10424,10547,10617,10718,10839,10912,11007,11081,11162,11219,11246,11358,11522,11749,11866,12047,12151,12325,12422,12544,12656,12786,12880,12963,13077,13148,13325,13625,13867,14084,14491,15265,15829,17194,17804,18675,19660,20499,21477,22297,23239,24256,25368,26109,26881,27203,27892,28675,29408,30047,30523,31007,31320,31646,32004,32304,32646,32952,33273,33388,33548,33814,33964,34171,34331,34487,34552,34658,34781,34864,34864,35045,35104,35172,35222,35315,35423,35543,35710,35768,35796,35862,35910,35960,35994,36044,36058,36089,36115,36148,36179,36223,36248,36260,36271,36289,36321,36341,36377,36423,36471,36484,36504,36535,36552,36611,36652,36662,36665,36684,36717,36749,36778,36805,36818,36822,36839,36839,36882,36896,36903,36911,36923,36934,36966,36984
55,,Central African Republic,6.6111,20.9394,0,0,0,0,0,0,0,0,0,0,0,0,0,0,0,0,0,0,0,0,0,0,0,0,0,0,0,0,0,0,0,0,0,0,0,0,0,0,0,0,0,0,0,0,0,0,0,0,0,0,0,0,0,1,1,1,1,1,3,3,3,3,3,3,3,3,3,3,3,3,3,3,8,8,8,8,8,8,8,8,8,8,11,11,12,12,12,12,12,12,14,14,16,16,16,19,19,50,50,50,72,72,72,85,85,94,94,143,143,143,143,143,143,143,301,327,327,327,366,418,436,479,552,604,652,671,702,755,874,962,1011,1069,1069,1173,1288,1451,1570,1634,1850,1850,1888,1952,2044,2057,2057,2222,2410,2564,2605,2605,2686,2808,2963,3051,3099,3244,3340,3429,3429,3613,3745,3745,3788,3918,3969,3969,4033,4071,4109,4200,4259,4288,4288,4321,4356,4362,4373,4389,4485,4485,4548,4561,4574,4590,4593,4598,4599,4599,4599,4605,4605,4608,4614,4614,4614,4618,4618,4620,4641,4641,4641,4641,4645,4652,4652,4652,4652,4652,4667,4679,4679,4679,4679,4679,4679,4679,4691,4698,4698,4700,4700,4700,4711,4711,4712,4729,4729,4729,4729,4729,4735,4736,4747,4749,4749,4749,4772,4772,4782,4782,4786,4786,4786,4786,4802,4802,4804,4806,4806,4806,4806,4806,4829,4829,4829,4845,4845,4845,4852,4852,4853,4853,4854,4854,4854,4854,4855,4855,4855,4855,4855,4856,4858,4858,4862,4862,4862,4862,4863,4863,4863,4863,4866,4866,4866,4866,4866,4866,4866,4866,4879,4879,4880,4884,4884,4888,4888,4896,4900,4900,4900,4900,4907,4911,4911,4911,4911,4911,4911,4913,4913,4913,4913,4913,4918,4918,4918,4918,4922,4922,4922,4927,4927,4927,4936,4936,4936,4936,4936,4936,4936,4936,4936,4936,4936,4936,4948,4948,4948,4948,4948,4948,4961,4963,4963,4963,4963,4963,4963,4963,4963,4969,4969,4969,4973,4973,4973,4973,4973,4973,4973,4973,4973,4973,4974,4974,4974,4974,4980,4980,4980,4980,4981,4981,4981,4981,4989,4989,4989,4989,4989,4989,4989,4989,4989,4989,4996,4996,4996,4996,4996,4996,4997,4997,5001,5001,5001,5001,5001,5004,5004,5004,5004,5004,5004,5004,5004,5018,5018,5018,5021,5021,5023,5023,5023,5023,5023,5023,5023,5025,5064,5075,5075,5075,5087,5087,5087,5088,5088,5088,5088,5088,5088,5161,5161,5222,5245,5245,5245,5313,5313,5353
56,,Chad,15.4542,18.7322,0,0,0,0,0,0,0,0,0,0,0,0,0,0,0,0,0,0,0,0,0,0,0,0,0,0,0,0,0,0,0,0,0,0,0,0,0,0,0,0,0,0,0,0,0,0,0,0,0,0,0,0,0,0,0,0,0,1,1,1,1,1,3,3,3,3,3,3,5,7,7,8,8,9,9,9,10,10,11,11,11,18,23,23,23,27,27,33,33,33,33,33,33,40,46,46,46,52,52,73,73,117,117,117,170,170,253,260,322,322,322,357,372,399,428,474,503,519,545,565,588,611,648,675,687,700,715,726,759,759,778,790,803,820,828,836,836,837,839,844,846,848,848,848,850,850,853,854,854,858,858,858,858,860,860,863,865,865,866,866,866,866,868,871,871,872,872,873,873,873,874,874,880,880,884,885,886,887,889,889,889,889,889,915,915,915,915,922,926,926,935,936,936,936,936,938,939,942,942,942,944,945,946,949,949,951,952,956,959,970,971,972,981,982,986,987,995,998,1004,1008,1008,1012,1013,1017,1017,1018,1023,1034,1039,1040,1045,1048,1051,1081,1083,1084,1085,1087,1090,1115,1147,1149,1151,1153,1155,1164,1171,1175,1177,1178,1185,1193,1200,1203,1211,1214,1217,1223,1238,1251,1262,1274,1291,1304,1308,1321,1329,1350,1361,1365,1379,1390,1399,1404,1410,1423,1434,1437,1441,1460,1468,1473,1483,1483,1498,1499,1513,1517,1529,1538,1543,1547,1551,1561,1565,1578,1589,1591,1597,1603,1608,1616,1620,1626,1633,1642,1648,1649,1655,1661,1663,1663,1682,1688,1700,1705,1708,1719,1722,1725,1728,1729,1732,1739,1745,1751,1770,1771,1784,1800,1818,1839,1867,1890,1902,1916,1938,1958,1971,1986,2005,2015,2048,2077,2113,2141,2169,2213,2229,2289,2328,2358,2419,2510,2537,2589,2668,2709,2773,2807,2855,2895,2919,2977,3012,3065,3104,3137,3161,3182,3225,3269,3296,3321,3347,3376,3385,3404,3419,3433,3450,3473,3497,3508,3539,3568,3581,3597,3622,3645,3664,3689,3724,3751,3776,3794,3849,3868,3882,3904,3934,3957,3973,3973,3986,3999,4056,4089,4089,4161,4177,4193,4214,4231,4246,4274,4288,4309,4328,4344,4357,4380,4395,4410,4420,4427,4440,4453,4465,4480,4501,4506,4510,4523,4533,4552,4573,4589,4595,4595,4603,4606
36,,Cabo Verde,16.5388,-23.0418,0,0,0,0,0,0,0,0,0,0,0,0,0,0,0,0,0,0,0,0,0,0,0,0,0,0,0,0,0,0,0,0,0,0,0,0,0,0,0,0,0,0,0,0,0,0,0,0,0,0,0,0,0,0,0,0,0,0,1,3,3,3,3,4,4,5,5,6,6,6,6,6,6,7,7,7,7,7,7,7,8,8,10,11,56,56,56,58,61,67,68,73,82,88,90,106,109,114,114,121,122,152,165,175,186,191,218,230,236,246,260,267,289,315,326,328,328,328,335,349,356,362,371,380,390,390,390,390,405,421,435,458,466,477,502,536,542,554,567,585,615,657,697,726,750,760,781,792,823,848,863,890,944,982,999,1003,1027,1091,1155,1165,1227,1267,1301,1382,1421,1451,1463,1499,1542,1552,1591,1623,1623,1698,1722,1780,1894,1939,2014,2045,2071,2107,2154,2190,2220,2258,2307,2328,2354,2373,2418,2451,2480,2547,2583,2631,2689,2734,2780,2835,2858,2883,2920,3000,3073,3136,3163,3179,3203,3253,3321,3368,3412,3455,3509,3532,3568,3630,3699,3745,3778,3852,3884,3970,4048,4125,4200,4275,4330,4358,4400,4473,4557,4651,4711,4813,4839,4904,4978,5063,5141,5186,5257,5281,5337,5412,5479,5628,5701,5771,5817,5900,6024,6126,6205,6296,6360,6433,6518,6624,6717,6809,6913,7072,7155,7254,7371,7444,7526,7638,7752,7800,7901,8033,8122,8198,8322,8396,8423,8472,8548,8603,8694,8793,8848,8882,8944,9053,9149,9224,9291,9369,9419,9499,9560,9694,9741,9780,9822,9840,9960,10000,10082,10152,10234,10276,10302,10400,10526,10570,10626,10700,10747,10761,10816,10867,10938,10996,11036,11063,11098,11118,11192,11203,11262,11302,11357,11361,11395,11458,11502,11526,11567,11579,11600,11636,11668,11688,11696,11698,11714,11723,11752,11793,11840,11872,11883,11920,11949,11983,12052,12146,12237,12316,12392,12433,12506,12592,12664,12776,12901,12993,13046,13139,13224,13307,13381,13414,13489,13557,13619,13722,13784,13897,13981,14070,14098,14152,14214,14290,14306,14380,14423,14451,14479,14543,14601,14647,14700,14741,14761,14785,14848,14885,14948,14999,15048,15072,15089,15161,15201,15253,15324,15400,15432,15483,15558,15621,15683,15724,15782,15806,15826,15892,15932,15986,16035,16101,16120,16154,16250,16298,16374,16440,16491,16517,16555,16661,16787,16911,17018,17125,17190,17279,17470,17587,17717,17821,17871,17939,18023,18214
179,,Mauritania,21.0079,-10.9408,0,0,0,0,0,0,0,0,0,0,0,0,0,0,0,0,0,0,0,0,0,0,0,0,0,0,0,0,0,0,0,0,0,0,0,0,0,0,0,0,0,0,0,0,0,0,0,0,0,0,0,0,1,1,1,1,1,2,2,2,2,2,2,2,3,3,5,5,5,6,6,6,6,6,6,6,6,6,7,7,7,7,7,7,7,7,7,7,7,7,7,7,7,7,7,7,7,7,8,8,8,8,8,8,8,8,8,8,8,8,8,9,15,20,29,40,62,81,131,141,173,200,227,237,262,268,292,346,423,483,530,588,668,745,784,883,947,1049,1104,1162,1283,1439,1572,1682,1783,1887,2057,2223,2424,2621,2813,2984,3121,3292,3519,3739,3907,4025,4149,4237,4363,4472,4606,4705,4827,4879,4948,5024,5087,5126,5203,5275,5355,5446,5518,5564,5659,5710,5813,5873,5923,5985,6027,6067,6116,6151,6171,6208,6249,6273,6295,6310,6319,6323,6382,6418,6444,6444,6498,6510,6523,6555,6598,6622,6653,6676,6693,6701,6762,6789,6829,6848,6885,6894,6905,6928,6960,6977,6993,7012,7012,7016,7048,7075,7089,7106,7126,7134,7142,7165,7165,7191,7222,7266,7274,7276,7295,7319,7332,7346,7361,7365,7368,7384,7403,7425,7433,7457,7462,7464,7474,7488,7502,7505,7511,7517,7520,7523,7529,7535,7540,7548,7550,7550,7554,7565,7572,7585,7603,7607,7608,7621,7634,7638,7650,7662,7663,7664,7677,7680,7688,7700,7700,7703,7704,7704,7724,7744,7777,7804,7814,7820,7833,7848,7885,7900,7932,7948,7952,7979,7994,8010,8034,8075,8096,8128,8167,8193,8246,8288,8424,8458,8547,8601,8710,8863,9005,9181,9359,9516,9679,9876,10105,10268,10501,10780,10971,11135,11431,11629,11805,12046,12278,12418,12567,12745,12944,13118,13264,13516,13642,13778,13989,14191,14364,14581,14677,14794,14875,14981,15111,15214,15352,15429,15512,15611,15707,15794,15893,15963,15999,16039,16081,16147,16212,16266,16322,16357,16397,16421,16460,16506,16543,16576,16608,16635,16662,16689,16720,16740,16777,16792,16807,16827,16868,16902,16925,16954,16965,16974,16996,17016,17041,17058,17071,17083,17095,17110,17130,17158,17179,17187,17196,17207,17217,17235,17252,17267,17285,17309,17322,17340,17365,17385,17394,17410,17424,17438,17457,17487,17521,17542,17570,17587,17601,17630,17658,17690,17712,17745,17756,17771,17796,17824,17847,17878,17904,17917,17927,17939,17955,17974
225,,Sierra Leone,8.460555,-11.779889,0,0,0,0,0,0,0,0,0,0,0,0,0,0,0,0,0,0,0,0,0,0,0,0,0,0,0,0,0,0,0,0,0,0,0,0,0,0,0,0,0,0,0,0,0,0,0,0,0,0,0,0,0,0,0,0,0,0,0,0,0,0,0,0,0,0,0,0,0,1,2,2,2,4,6,6,6,7,7,8,8,10,10,11,13,15,26,30,35,43,50,61,64,82,82,93,93,104,104,124,136,155,166,178,199,225,231,257,291,307,338,338,387,408,447,462,505,519,534,570,585,606,621,707,735,754,782,812,829,852,861,865,896,909,914,929,946,969,1001,1025,1062,1085,1103,1132,1169,1176,1225,1249,1272,1298,1309,1327,1340,1347,1354,1354,1394,1410,1427,1450,1462,1498,1518,1524,1533,1542,1547,1572,1584,1598,1613,1618,1635,1642,1651,1668,1678,1688,1701,1711,1711,1727,1731,1752,1765,1768,1783,1783,1786,1803,1818,1823,1823,1843,1848,1855,1860,1877,1887,1895,1916,1917,1932,1937,1940,1947,1954,1956,1956,1959,1961,1969,1972,1980,1992,1997,2001,2003,2013,2013,2019,2022,2022,2028,2029,2035,2041,2041,2054,2055,2064,2067,2069,2087,2096,2109,2111,2126,2133,2133,2153,2159,2168,2168,2174,2183,2188,2199,2208,2215,2215,2222,2231,2238,2252,2259,2269,2269,2277,2287,2293,2295,2300,2306,2306,2309,2315,2323,2325,2327,2330,2331,2336,2337,2340,2343,2345,2346,2346,2350,2354,2362,2365,2366,2366,2366,2368,2369,2371,2373,2381,2381,2385,2386,2386,2387,2389,2391,2391,2391,2392,2397,2397,2399,2405,2405,2406,2406,2408,2409,2410,2410,2411,2412,2413,2416,2416,2420,2420,2426,2428,2428,2434,2435,2438,2440,2440,2445,2451,2460,2464,2486,2497,2509,2509,2518,2524,2531,2549,2549,2560,2560,2569,2583,2611,2635,2646,2673,2673,2724,2739,2757,2782,2803,2834,2846,2864,2887,2933,2959,2970,3006,3014,3030,3030,3081,3093,3120,3139,3173,3194,3236,3282,3382,3528,3593,3634,3660,3699,3728,3759,3772,3785,3789,3801,3803,3813,3817,3821,3821,3823,3825,3825,3829,3841,3849,3855,3857,3862,3880,3884,3884,3887,3887,3887,3889,3900,3900,3909,3918,3920,3921,3922,3928,3932,3934,3937,3937,3938,3939,3942,3947,3947,3948,3948,3948,3949,3953,3953,3962,3962,3970,3970,3970,3980,3981,3987,3987,3988,3989,3990,3993
29,,Botswana,-22.3285,24.6849,0,0,0,0,0,0,0,0,0,0,0,0,0,0,0,0,0,0,0,0,0,0,0,0,0,0,0,0,0,0,0,0,0,0,0,0,0,0,0,0,0,0,0,0,0,0,0,0,0,0,0,0,0,0,0,0,0,0,0,0,0,0,0,0,0,0,0,0,3,4,4,4,4,4,6,6,6,6,13,13,13,13,13,13,13,15,15,15,20,20,20,22,22,22,22,22,22,23,23,23,23,23,23,23,23,23,23,23,23,23,24,24,24,24,24,24,25,25,25,25,29,30,30,35,35,35,35,35,35,35,35,38,40,40,40,40,40,40,42,42,48,48,48,60,60,60,60,79,79,89,89,89,89,89,92,92,92,92,92,175,227,227,227,277,277,277,314,314,314,314,314,314,399,399,399,399,522,522,522,522,522,522,522,592,686,686,686,739,739,804,804,804,804,804,804,804,804,804,804,804,804,1066,1066,1066,1214,1214,1214,1214,1308,1308,1308,1308,1308,1308,1308,1562,1562,1562,1562,1562,1562,1633,1633,1724,1724,1724,2002,2002,2002,2126,2126,2126,2252,2252,2252,2252,2463,2463,2463,2567,2567,2567,2567,2567,2567,2567,2921,2921,2921,2921,3172,3172,3172,3172,3172,3172,3172,3172,3172,3172,3219,3219,3219,3219,3515,3515,3515,3914,5242,5242,5242,5609,5609,5609,5923,5923,5923,5923,6283,6283,6283,6642,6642,6642,6642,6642,6642,6642,7835,7835,7835,7835,7835,7835,7835,8225,8225,8225,8225,9103,9103,9103,9594,9594,9594,9594,9992,9992,9992,10258,10258,10258,10258,10742,10742,10742,11531,11531,11531,11531,12058,12058,12058,12501,12501,12501,12501,12873,12873,12873,13014,13014,13014,13014,13622,13622,13622,14025,14025,14025,14025,14025,14025,14700,14805,14805,14805,14805,15368,15440,15440,16050,16050,16050,16050,16768,16768,16768,17365,17365,17365,17365,18630,18630,18630,19654,19654,19654,19654,20658,20658,20658,21293,21293,21293,21293,22738,22738,22738,23503,23503,23503,23503,24435,24435,24435,24926,24926,24926,24926,25802,25802,25802,26524,26524,26524,26524,27721,27721,27721,28371,28371,28371,28371,30727,30727,30727,31746,31746,31746,31746,32912,32912,32912,34098,34098,34098,34098,34999,34999,34999,35493,35493,35493,35493,37559,37559,37559,38466,38466,38466,38466,39848,39848,39848,40878,40878,40878,40878,41710,41710,41710
131,,Gambia,13.4432,-15.3101,0,0,0,0,0,0,0,0,0,0,0,0,0,0,0,0,0,0,0,0,0,0,0,0,0,0,0,0,0,0,0,0,0,0,0,0,0,0,0,0,0,0,0,0,0,0,0,0,0,0,0,0,0,0,0,1,1,1,1,1,1,2,3,3,3,3,3,4,4,4,4,4,4,4,4,4,4,4,4,4,9,9,9,9,9,9,9,9,10,10,10,10,10,10,10,10,10,10,10,11,12,17,17,17,17,17,18,20,20,20,22,22,23,23,23,23,23,24,24,24,24,25,25,25,25,25,25,25,25,25,25,25,25,26,26,26,26,26,28,28,28,28,28,28,28,30,34,34,36,36,37,37,41,42,42,43,43,44,45,47,49,49,55,55,57,57,61,61,61,63,64,64,64,64,64,64,78,78,93,93,112,112,146,170,216,277,277,326,326,326,403,498,498,498,498,671,799,935,1090,1090,1235,1235,1346,1477,1556,1623,1689,1872,1872,2116,2288,2401,2437,2437,2685,2585,2686,2708,2743,2797,2895,2963,2963,3029,3067,3101,3120,3150,3197,3197,3275,3293,3330,3362,3376,3405,3405,3428,3440,3473,3485,3504,3526,3526,3540,3542,3552,3555,3555,3569,3569,3579,3579,3584,3585,3590,3594,3594,3613,3613,3617,3621,3628,3632,3636,3636,3642,3644,3649,3649,3649,3649,3655,3657,3659,3659,3659,3660,3665,3666,3666,3666,3670,3672,3672,3672,3679,3680,3681,3684,3684,3684,3696,3696,3697,3697,3698,3702,3702,3705,3705,3705,3705,3706,3726,3726,3726,3726,3727,3728,3731,3731,3734,3742,3743,3765,3767,3768,3770,3770,3770,3776,3776,3777,3779,3779,3782,3782,3785,3786,3786,3786,3786,3786,3786,3791,3791,3791,3791,3791,3793,3793,3797,3797,3797,3800,3800,3800,3800,3812,3812,3833,3838,3841,3857,3857,3876,3885,3893,3897,3897,3910,3933,3938,3938,3950,3958,3958,3972,4008,4012,4019,4019,4019,4090,4090,4139,4139,4184,4184,4184,4237,4237,4302,4302,4302,4302,4302,4302,4414,4414,4469,4469,4510,4543,4554,4554,4554,4612,4640,4671,4691,4691,4712,4712,4712,4735,4759,4759,4759,4759,4792,4792,4792,4792,4939,4985,4985,5019,5019,5085,5122,5153,5153,5255,5255,5255,5303,5303,5365,5365,5401,5420,5447,5459,5459,5459,5505,5505,5505,5564,5564
173,,Malawi,-13.2543,34.3015,0,0,0,0,0,0,0,0,0,0,0,0,0,0,0,0,0,0,0,0,0,0,0,0,0,0,0,0,0,0,0,0,0,0,0,0,0,0,0,0,0,0,0,0,0,0,0,0,0,0,0,0,0,0,0,0,0,0,0,0,0,0,0,0,0,0,0,0,0,0,0,3,3,4,4,5,8,8,8,9,12,13,16,16,16,16,17,17,17,17,18,23,33,33,33,34,36,36,36,37,37,38,39,41,41,43,43,43,56,56,57,57,63,63,63,65,70,70,70,71,72,82,82,83,101,101,101,203,273,279,284,336,358,369,393,409,409,438,443,455,455,481,481,529,547,555,564,572,592,620,620,730,749,803,941,960,1005,1038,1146,1152,1224,1265,1342,1498,1613,1613,1742,1818,1864,1942,2069,2261,2364,2430,2497,2614,2712,2805,2810,2907,2992,3045,3302,3302,3453,3453,3640,3664,3709,3738,3858,4078,4186,4231,4272,4361,4426,4491,4575,4624,4658,4674,4714,4752,4912,4988,5026,5072,5125,5193,5240,5282,5322,5382,5414,5419,5423,5474,5496,5523,5528,5536,5566,5576,5579,5593,5608,5611,5614,5621,5630,5653,5655,5669,5678,5690,5697,5701,5704,5711,5716,5718,5731,5733,5739,5746,5747,5764,5766,5768,5770,5772,5773,5779,5783,5783,5786,5794,5796,5803,5809,5813,5821,5821,5824,5827,5829,5836,5842,5852,5857,5860,5861,5864,5874,5885,5887,5890,5894,5897,5904,5916,5923,5930,5932,5933,5934,5934,5940,5942,5948,5951,5953,5953,5955,5958,5962,5964,5965,5971,5971,5999,6002,6003,6003,6003,6009,6017,6018,6020,6024,6025,6025,6028,6028,6040,6043,6047,6049,6051,6051,6051,6051,6051,6055,6063,6066,6070,6080,6091,6138,6148,6153,6161,6202,6248,6261,6277,6339,6343,6354,6377,6388,6471,6583,6684,6712,6844,6935,7110,7337,7611,7925,8306,8575,9027,9027,9400,9991,11223,11785,12470,13027,13880,14851,16049,17365,18439,19395,19987,20830,21660,22304,23020,23497,23963,24365,24903,25449,25884,26360,26875,27195,27422,27722,28050,28270,28630,28876,29035,29181,29421,29634,29837,30277,30528,30742,30942,31106,31295,31502,31675,31798,31945,32008,32148,32229,32283,32283,32398,32442,32469,32528,32614,32673,32746,32789,32789,32864,32894,32970,33045,33174,33216,33237,33270,33323,33354,33387,33415,33458,33481,33505,33525,33551,33584,33639,33647,33661,33673,33685,33718
220,,Sao Tome and Principe,0.1864,6.6131,0,0,0,0,0,0,0,0,0,0,0,0,0,0,0,0,0,0,0,0,0,0,0,0,0,0,0,0,0,0,0,0,0,0,0,0,0,0,0,0,0,0,0,0,0,0,0,0,0,0,0,0,0,0,0,0,0,0,0,0,0,0,0,0,0,0,0,0,0,0,0,0,0,0,0,4,4,4,4,4,4,4,4,4,4,4,4,4,4,4,4,4,4,4,4,4,4,8,8,14,16,16,16,23,174,174,187,208,208,208,208,208,220,235,235,235,235,246,251,251,251,251,251,251,299,441,443,458,463,479,483,484,484,484,485,499,499,513,513,514,611,632,639,659,661,662,671,683,688,693,698,698,702,707,710,711,712,713,713,713,714,715,717,719,719,720,721,724,724,726,727,727,729,732,732,737,740,741,743,746,746,746,747,749,860,862,863,865,867,868,870,871,874,874,874,875,878,878,878,878,878,878,881,882,883,885,885,885,885,885,885,888,891,892,892,892,892,892,894,895,895,896,896,896,896,897,897,898,898,898,898,898,901,906,906,906,906,907,907,907,908,908,908,908,908,908,910,911,911,911,911,911,911,911,911,913,913,913,914,914,921,922,922,929,929,929,929,929,932,932,933,933,933,935,935,938,940,940,941,941,943,944,945,945,949,949,954,958,958,960,962,962,962,962,962,963,963,964,965,965,967,967,974,974,979,979,981,981,982,985,985,989,989,991,996,997,997,999,999,999,1002,1005,1005,1009,1009,1009,1009,1010,1010,1010,1011,1011,1012,1012,1012,1012,1012,1012,1014,1014,1014,1014,1014,1014,1014,1022,1024,1024,1024,1024,1025,1035,1054,1066,1066,1066,1090,1105,1119,1125,1130,1142,1142,1151,1170,1171,1182,1188,1188,1189,1210,1221,1232,1245,1256,1257,1259,1283,1287,1298,1346,1351,1351,1355,1385,1430,1431,1478,1482,1482,1482,1520,1535,1548,1578,1578,1610,1628,1655,1672,1719,1745,1786,1786,1828,1840,1881,1898,1923,1944,1950,1961,1977,2010,2035,2057,2078,2078,2084,2085,2107,2114,2123,2142,2145,2157,2159,2174,2177,2196,2210,2212,2215,2221,2223,2232,2236,2240,2240,2244,2248,2255
35,,Burundi,-3.3731,29.9189,0,0,0,0,0,0,0,0,0,0,0,0,0,0,0,0,0,0,0,0,0,0,0,0,0,0,0,0,0,0,0,0,0,0,0,0,0,0,0,0,0,0,0,0,0,0,0,0,0,0,0,0,0,0,0,0,0,0,0,0,0,0,0,0,0,0,0,0,0,2,2,3,3,3,3,3,3,3,3,3,5,5,5,5,5,5,5,5,5,5,5,11,11,11,11,11,11,11,11,11,11,15,15,15,15,15,15,15,15,15,15,15,15,15,15,15,23,42,42,42,42,42,42,42,42,42,42,42,42,63,63,63,63,63,63,63,83,83,83,83,83,85,85,85,85,85,104,104,104,104,104,144,144,144,144,144,144,170,170,170,170,170,170,191,191,191,191,191,191,191,191,191,191,269,269,269,303,310,310,310,322,328,328,345,345,361,361,378,378,387,387,387,395,395,395,395,395,400,400,405,408,408,408,409,410,412,412,413,413,416,422,422,426,429,430,430,430,430,431,433,445,445,445,445,448,448,451,460,462,466,466,466,469,469,471,472,472,472,472,473,473,473,473,474,474,476,477,483,485,485,502,506,508,510,513,513,513,514,514,515,515,515,517,524,525,529,529,529,531,536,542,549,550,550,551,553,555,557,557,558,559,560,582,585,589,589,597,606,606,606,612,612,614,615,620,623,624,627,628,630,631,641,641,649,656,662,664,673,673,677,681,681,681,688,689,689,692,692,694,694,698,716,720,720,723,728,729,729,735,741,751,751,761,761,762,762,773,773,786,786,804,804,809,809,818,822,822,833,842,842,884,885,885,885,986,1019,1019,1062,1103,1150,1185,1236,1245,1253,1322,1358,1380,1438,1472,1479,1481,1542,1584,1604,1613,1632,1635,1641,1664,1686,1698,1717,1723,1728,1730,1751,1771,1797,1824,1824,1849,1855,1895,1928,1955,1983,2031,2034,2041,2069,2106,2143,2181,2209,2217,2224,2240,2268,2283,2299,2319,2334,2339,2369,2396,2420,2441,2461,2461,2461,2461,2542,2563,2563,2613,2618,2628,2657,2657,2657,2657,2757,2757,2757,2810,2842,2842,2911,2911,2964,2970,3017
232,,South Sudan,6.877,31.307,0,0,0,0,0,0,0,0,0,0,0,0,0,0,0,0,0,0,0,0,0,0,0,0,0,0,0,0,0,0,0,0,0,0,0,0,0,0,0,0,0,0,0,0,0,0,0,0,0,0,0,0,0,0,0,0,0,0,0,0,0,0,0,0,0,0,0,0,0,0,0,0,0,0,1,1,2,2,3,4,4,4,4,4,4,4,4,4,4,4,4,4,5,5,5,6,6,34,34,35,45,45,46,46,52,58,74,120,120,120,156,194,203,203,236,236,290,290,290,290,481,563,655,655,806,806,994,994,994,994,994,994,994,994,994,994,994,1317,1604,1604,1604,1670,1670,1693,1693,1693,1776,1813,1830,1864,1882,1892,1916,1930,1942,1942,1942,1942,1989,1989,2007,2021,2021,2021,2021,2021,2021,2021,2021,2021,2021,2021,2021,2148,2148,2153,2171,2191,2191,2200,2211,2211,2211,2239,2258,2258,2262,2305,2305,2322,2322,2322,2352,2429,2429,2437,2437,2450,2450,2463,2470,2470,2472,2477,2478,2482,2488,2489,2490,2490,2494,2494,2497,2497,2499,2504,2507,2510,2514,2518,2519,2519,2527,2527,2532,2533,2536,2544,2544,2545,2552,2555,2555,2568,2578,2578,2587,2592,2594,2599,2609,2642,2642,2649,2660,2664,2669,2676,2676,2686,2692,2700,2704,2704,2715,2715,2726,2726,2734,2748,2749,2761,2761,2777,2787,2798,2798,2807,2817,2817,2842,2847,2847,2870,2872,2876,2878,2883,2883,2890,2890,2903,2903,2905,2926,2926,2940,2943,2943,2943,2943,2943,2960,2960,2960,2960,2980,3003,3003,3012,3016,3016,3016,3016,3047,3047,3047,3047,3073,3092,3104,3104,3109,3109,3111,3118,3154,3154,3166,3181,3181,3181,3181,3181,3181,3206,3206,3206,3222,3222,3222,3228,3228,3228,3234,3234,3455,3455,3455,3455,3490,3491,3511,3540,3558,3558,3558,3558,3589,3589,3589,3589,3589,3589,3649,3662,3670,3670,3670,3670,3670,3693,3703,3762,3773,3788,3788,3788,3788,3788,3788,3788,3929,3929,3929,3929,3929,3929,3929,4267,4355,4355,4355,4609,4804,4960,4960,5134,5310,5413,5562,5710,5922,6084,6277,6417,6583,6931,7098,7224,7349,7597,7771,7926,8010,8144,8305,8414,8527,8677,8766,8870,8870,8870,9205,9334,9429,9490,9554,9613,9694,9768,9809,9849,9879,9890,9919,9969,10048,10048,10079,10098,10119,10119,10165,10197,10219,10255,10267,10281,10286,10297
92,,Comoros,-11.6455,43.3333,0,0,0,0,0,0,0,0,0,0,0,0,0,0,0,0,0,0,0,0,0,0,0,0,0,0,0,0,0,0,0,0,0,0,0,0,0,0,0,0,0,0,0,0,0,0,0,0,0,0,0,0,0,0,0,0,0,0,0,0,0,0,0,0,0,0,0,0,0,0,0,0,0,0,0,0,0,0,0,0,0,0,0,0,0,0,0,0,0,0,0,0,0,0,0,0,0,0,0,1,1,3,3,3,3,8,8,8,11,11,11,11,11,11,11,11,11,11,11,34,34,78,78,87,87,87,87,87,87,106,106,106,132,132,132,132,141,141,141,141,162,162,163,176,176,176,197,197,210,210,247,247,247,265,265,272,272,272,272,272,303,303,303,309,309,311,311,311,313,314,314,317,317,317,321,321,328,328,328,334,334,337,337,340,340,340,354,354,354,378,378,378,386,386,386,388,388,396,396,399,399,399,399,399,399,403,403,405,405,406,406,417,417,417,417,417,417,417,422,422,423,423,423,427,427,448,448,452,452,452,456,456,456,456,456,456,457,467,467,470,470,470,470,470,470,470,474,474,478,478,478,479,479,484,484,487,487,487,491,491,495,495,495,495,495,496,496,496,502,502,502,502,504,504,517,517,517,517,517,517,517,517,537,545,545,545,545,554,557,557,563,563,563,569,569,574,574,579,579,579,591,591,592,592,596,596,596,607,607,610,610,611,611,611,613,613,615,615,616,616,616,617,617,617,617,628,628,628,633,633,643,643,643,666,666,693,693,715,715,715,715,715,765,765,823,823,864,864,864,995,995,1050,1050,1150,1150,1160,1166,1169,1403,1469,1577,1592,1769,1864,1933,1935,2160,2260,2268,2350,2425,2492,2598,2646,2718,2726,2811,2848,2892,2975,3001,3086,3086,3088,3179,3209,3276,3290,3332,3334,3358,3393,3413,3458,3473,3490,3502,3518,3522,3539,3552,3558,3571,3571,3578,3578,3580,3580,3587,3596,3596,3606,3606,3611,3615,3618,3626,3635,3646,3647,3652,3657,3665,3666,3666,3666,3681,3682,3687,3689,3690,3690,3696,3696,3696,3704,3712,3712,3719,3725,3738,3758
165,,Lesotho,-29.61,28.2336,0,0,0,0,0,0,0,0,0,0,0,0,0,0,0,0,0,0,0,0,0,0,0,0,0,0,0,0,0,0,0,0,0,0,0,0,0,0,0,0,0,0,0,0,0,0,0,0,0,0,0,0,0,0,0,0,0,0,0,0,0,0,0,0,0,0,0,0,0,0,0,0,0,0,0,0,0,0,0,0,0,0,0,0,0,0,0,0,0,0,0,0,0,0,0,0,0,0,0,0,0,0,0,0,0,0,0,0,0,0,0,0,1,1,1,1,1,1,1,1,1,2,2,2,2,2,2,2,2,2,2,2,2,4,4,4,4,4,4,4,4,4,4,4,4,4,4,4,4,4,4,4,12,17,17,17,24,24,27,27,27,35,35,35,35,79,91,91,91,134,184,184,233,245,256,256,256,311,359,359,359,359,359,359,359,419,505,505,505,576,604,604,702,718,718,726,726,742,742,742,742,781,781,798,884,884,903,903,946,946,946,996,1015,1015,1015,1015,1049,1051,1051,1051,1051,1085,1085,1085,1085,1085,1148,1148,1148,1148,1148,1164,1164,1245,1245,1245,1245,1327,1327,1327,1390,1390,1424,1424,1424,1507,1554,1558,1558,1558,1565,1576,1595,1639,1680,1680,1683,1683,1683,1767,1786,1800,1800,1805,1805,1822,1833,1833,1833,1833,1833,1833,1918,1918,1923,1934,1940,1940,1943,1947,1947,1947,1953,1953,1953,1961,1961,1963,1963,1967,1967,1967,1967,2026,2026,2026,2041,2041,2041,2041,2052,2058,2065,2066,2085,2086,2086,2092,2092,2109,2109,2109,2109,2109,2137,2142,2145,2150,2150,2150,2150,2150,2164,2178,2214,2250,2250,2277,2307,2365,2400,2546,2546,2546,2546,2546,2725,2725,2725,2725,2725,2956,3005,3094,3094,3206,3206,3206,3206,3206,4137,4351,5170,5203,5937,5937,5937,6241,6356,6371,6371,6371,7018,7018,7035,7504,7555,7656,7656,8044,8047,8047,8278,8610,8649,8664,8900,8900,8969,8969,9216,9380,9380,9380,9718,9804,9819,9852,9852,9965,10254,10350,10375,10455,10455,10461,10461,10466,10467,10467,10468,10491,10491,10491,10495,10497,10521,10522,10523,10523,10523,10523,10525,10525,10528,10528,10530,10530,10530,10530,10530,10530,10535,10535,10535,10538,10685,10686,10686,10686,10686,10686,10686,10686,10706,10706,10706,10707,10707,10707,10707,10707
