fecha_diagnostico,Buenos Aires,CABA,Catamarca,Chaco,Chubut,Corrientes,Córdoba,Entre Ríos,Formosa,Jujuy,La Pampa,La Rioja,Mendoza,Misiones,Neuquén,Río Negro,SIN ESPECIFICAR,Salta,San Juan,San Luis,Santa Cruz,Santa Fe,Santiago del Estero,Tierra del Fuego,Tucumán
2002-10-09,0.0,0.0,0.0,0.0,0.0,0.0,0.0,0.0,0.0,0.0,0.0,0.0,0.0,0.0,1.0,0.0,0.0,0.0,0.0,0.0,0.0,0.0,0.0,0.0,0.0
2002-10-11,0.0,0.0,0.0,0.0,0.0,0.0,0.0,0.0,0.0,0.0,0.0,0.0,0.0,0.0,1.0,0.0,0.0,0.0,0.0,0.0,0.0,0.0,0.0,0.0,0.0
2002-10-21,0.0,0.0,0.0,0.0,0.0,0.0,0.0,0.0,0.0,0.0,0.0,0.0,0.0,0.0,1.0,0.0,0.0,0.0,0.0,0.0,0.0,0.0,0.0,0.0,0.0
2002-11-09,0.0,0.0,0.0,0.0,0.0,0.0,0.0,0.0,0.0,0.0,0.0,0.0,0.0,0.0,0.0,0.0,0.0,0.0,1.0,0.0,0.0,0.0,0.0,0.0,0.0
2012-09-21,0.0,0.0,0.0,0.0,0.0,0.0,1.0,0.0,0.0,0.0,0.0,0.0,0.0,0.0,0.0,0.0,0.0,0.0,0.0,0.0,0.0,0.0,0.0,0.0,0.0
2019-03-30,0.0,0.0,0.0,0.0,0.0,0.0,0.0,0.0,0.0,0.0,0.0,0.0,0.0,0.0,1.0,0.0,0.0,0.0,0.0,0.0,0.0,0.0,0.0,0.0,0.0
2019-09-30,0.0,0.0,0.0,0.0,0.0,0.0,1.0,0.0,0.0,0.0,0.0,0.0,0.0,0.0,0.0,0.0,0.0,0.0,0.0,0.0,0.0,0.0,0.0,0.0,0.0
2019-10-03,0.0,0.0,0.0,0.0,0.0,0.0,0.0,0.0,0.0,0.0,0.0,0.0,1.0,0.0,0.0,0.0,0.0,0.0,0.0,0.0,0.0,0.0,0.0,0.0,0.0
2019-10-14,0.0,0.0,0.0,0.0,0.0,0.0,0.0,0.0,0.0,0.0,0.0,0.0,0.0,0.0,1.0,0.0,0.0,0.0,0.0,0.0,0.0,0.0,0.0,0.0,0.0
2019-10-16,1.0,0.0,0.0,0.0,0.0,0.0,0.0,0.0,0.0,0.0,0.0,0.0,0.0,0.0,0.0,0.0,0.0,0.0,0.0,0.0,0.0,0.0,0.0,0.0,0.0
2019-10-18,0.0,0.0,0.0,0.0,0.0,0.0,0.0,0.0,0.0,0.0,0.0,0.0,0.0,0.0,0.0,0.0,0.0,0.0,0.0,0.0,0.0,1.0,0.0,0.0,0.0
2019-10-25,0.0,0.0,0.0,0.0,0.0,0.0,0.0,0.0,0.0,0.0,0.0,0.0,0.0,0.0,1.0,0.0,0.0,0.0,0.0,0.0,0.0,0.0,0.0,0.0,0.0
2019-10-27,0.0,0.0,0.0,0.0,0.0,0.0,0.0,0.0,0.0,0.0,0.0,0.0,0.0,0.0,0.0,0.0,0.0,0.0,1.0,0.0,0.0,0.0,0.0,0.0,0.0
2019-10-30,0.0,0.0,0.0,0.0,0.0,0.0,0.0,0.0,0.0,0.0,0.0,0.0,0.0,0.0,0.0,0.0,0.0,0.0,1.0,0.0,0.0,0.0,0.0,0.0,0.0
2019-11-04,0.0,0.0,0.0,0.0,0.0,0.0,0.0,0.0,0.0,0.0,0.0,0.0,0.0,0.0,1.0,0.0,0.0,0.0,0.0,0.0,0.0,0.0,0.0,0.0,0.0
2020-01-01,0.0,0.0,0.0,0.0,0.0,0.0,0.0,0.0,0.0,0.0,0.0,0.0,0.0,0.0,0.0,0.0,0.0,0.0,0.0,0.0,0.0,2.0,1.0,0.0,0.0
2020-01-02,2.0,0.0,0.0,0.0,1.0,0.0,1.0,0.0,0.0,0.0,0.0,0.0,0.0,0.0,3.0,0.0,0.0,0.0,0.0,3.0,1.0,1.0,1.0,0.0,0.0
2020-01-04,2.0,1.0,0.0,0.0,3.0,0.0,0.0,0.0,0.0,0.0,0.0,0.0,1.0,0.0,0.0,0.0,0.0,0.0,0.0,0.0,0.0,0.0,0.0,0.0,0.0
2020-01-05,0.0,0.0,0.0,0.0,1.0,0.0,0.0,0.0,0.0,0.0,0.0,0.0,0.0,0.0,0.0,0.0,0.0,0.0,0.0,0.0,2.0,1.0,0.0,0.0,0.0
2020-01-06,3.0,0.0,0.0,0.0,1.0,0.0,0.0,0.0,0.0,0.0,0.0,0.0,0.0,0.0,0.0,0.0,0.0,0.0,1.0,0.0,2.0,0.0,0.0,0.0,1.0
2020-01-07,0.0,0.0,1.0,0.0,1.0,0.0,0.0,0.0,0.0,0.0,0.0,0.0,0.0,0.0,0.0,0.0,0.0,0.0,0.0,0.0,1.0,0.0,0.0,0.0,0.0
2020-01-08,0.0,0.0,0.0,0.0,0.0,0.0,0.0,0.0,0.0,0.0,0.0,0.0,0.0,0.0,1.0,1.0,0.0,0.0,0.0,0.0,1.0,0.0,0.0,0.0,0.0
2020-01-12,0.0,0.0,0.0,1.0,0.0,0.0,1.0,0.0,0.0,0.0,0.0,0.0,0.0,0.0,0.0,0.0,0.0,0.0,0.0,0.0,0.0,0.0,0.0,0.0,0.0
2020-01-15,0.0,0.0,0.0,0.0,1.0,0.0,0.0,0.0,0.0,0.0,0.0,0.0,0.0,0.0,0.0,0.0,0.0,0.0,0.0,0.0,0.0,0.0,0.0,0.0,0.0
2020-01-16,0.0,0.0,0.0,0.0,0.0,0.0,1.0,0.0,0.0,0.0,0.0,0.0,0.0,0.0,0.0,0.0,0.0,0.0,0.0,0.0,0.0,0.0,0.0,0.0,0.0
2020-01-18,1.0,0.0,0.0,0.0,0.0,0.0,0.0,0.0,0.0,0.0,0.0,0.0,0.0,0.0,0.0,0.0,0.0,0.0,0.0,0.0,0.0,0.0,0.0,0.0,0.0
2020-01-19,10.0,0.0,0.0,0.0,0.0,0.0,0.0,0.0,0.0,0.0,0.0,0.0,0.0,0.0,0.0,0.0,0.0,0.0,0.0,0.0,0.0,0.0,0.0,0.0,0.0
2020-01-26,0.0,0.0,0.0,0.0,0.0,0.0,0.0,0.0,0.0,0.0,1.0,0.0,0.0,0.0,0.0,0.0,0.0,0.0,0.0,0.0,0.0,0.0,0.0,0.0,0.0
2020-01-28,0.0,0.0,0.0,0.0,0.0,0.0,1.0,0.0,0.0,0.0,0.0,0.0,0.0,0.0,0.0,0.0,0.0,0.0,1.0,0.0,0.0,0.0,0.0,0.0,0.0
2020-01-29,1.0,0.0,0.0,0.0,0.0,0.0,0.0,0.0,0.0,0.0,0.0,0.0,0.0,0.0,0.0,0.0,0.0,0.0,0.0,0.0,0.0,0.0,0.0,0.0,0.0
2020-01-30,1.0,0.0,0.0,0.0,0.0,0.0,0.0,0.0,0.0,0.0,0.0,0.0,1.0,0.0,0.0,0.0,0.0,0.0,0.0,0.0,0.0,0.0,0.0,0.0,0.0
2020-01-31,0.0,0.0,0.0,0.0,0.0,0.0,0.0,0.0,0.0,0.0,0.0,0.0,0.0,0.0,0.0,0.0,0.0,0.0,0.0,0.0,0.0,1.0,0.0,0.0,0.0
2020-02-02,0.0,0.0,0.0,0.0,0.0,0.0,0.0,0.0,0.0,0.0,0.0,0.0,0.0,0.0,0.0,0.0,0.0,0.0,1.0,0.0,0.0,1.0,0.0,0.0,0.0
2020-02-04,0.0,0.0,0.0,0.0,1.0,0.0,0.0,0.0,0.0,0.0,0.0,0.0,0.0,0.0,0.0,0.0,0.0,0.0,0.0,0.0,0.0,0.0,0.0,0.0,0.0
2020-02-10,0.0,0.0,0.0,0.0,0.0,0.0,0.0,0.0,0.0,0.0,0.0,0.0,0.0,0.0,0.0,0.0,0.0,0.0,0.0,0.0,0.0,1.0,0.0,0.0,0.0
2020-02-11,0.0,0.0,0.0,0.0,0.0,0.0,0.0,0.0,0.0,0.0,0.0,0.0,0.0,0.0,1.0,0.0,0.0,0.0,0.0,0.0,0.0,0.0,0.0,0.0,0.0
2020-02-13,0.0,0.0,0.0,0.0,0.0,0.0,0.0,0.0,0.0,0.0,0.0,0.0,0.0,0.0,0.0,0.0,0.0,0.0,0.0,0.0,1.0,0.0,0.0,0.0,0.0
2020-02-19,0.0,0.0,0.0,0.0,0.0,0.0,0.0,0.0,0.0,0.0,0.0,0.0,0.0,0.0,0.0,0.0,0.0,0.0,0.0,0.0,0.0,1.0,0.0,0.0,0.0
2020-02-24,0.0,1.0,0.0,0.0,0.0,0.0,0.0,0.0,0.0,0.0,0.0,0.0,0.0,0.0,0.0,0.0,0.0,0.0,0.0,0.0,0.0,0.0,0.0,0.0,0.0
2020-03-03,0.0,1.0,0.0,0.0,0.0,0.0,0.0,0.0,0.0,0.0,0.0,0.0,0.0,0.0,0.0,0.0,0.0,0.0,0.0,0.0,0.0,0.0,0.0,0.0,0.0
2020-03-06,1.0,4.0,0.0,0.0,0.0,0.0,1.0,0.0,0.0,0.0,0.0,0.0,0.0,0.0,0.0,0.0,0.0,0.0,0.0,0.0,0.0,0.0,0.0,0.0,0.0
2020-03-07,0.0,1.0,0.0,0.0,0.0,0.0,0.0,0.0,0.0,0.0,0.0,0.0,0.0,0.0,0.0,0.0,0.0,0.0,0.0,0.0,0.0,0.0,0.0,0.0,0.0
2020-03-08,0.0,2.0,0.0,0.0,0.0,0.0,0.0,0.0,0.0,0.0,0.0,0.0,0.0,0.0,0.0,0.0,0.0,0.0,0.0,0.0,0.0,0.0,0.0,0.0,0.0
2020-03-09,1.0,1.0,0.0,2.0,0.0,0.0,0.0,0.0,0.0,0.0,0.0,0.0,0.0,0.0,0.0,1.0,0.0,0.0,0.0,1.0,0.0,0.0,0.0,0.0,0.0
2020-03-10,1.0,1.0,0.0,0.0,0.0,0.0,7.0,0.0,0.0,0.0,0.0,0.0,0.0,0.0,0.0,0.0,0.0,0.0,0.0,0.0,0.0,0.0,0.0,0.0,0.0
2020-03-11,1.0,2.0,0.0,0.0,0.0,0.0,0.0,1.0,0.0,0.0,0.0,0.0,0.0,0.0,0.0,0.0,0.0,0.0,0.0,0.0,0.0,0.0,0.0,0.0,0.0
2020-03-12,5.0,1.0,0.0,2.0,0.0,0.0,2.0,0.0,0.0,0.0,0.0,0.0,0.0,0.0,0.0,0.0,0.0,0.0,0.0,0.0,0.0,0.0,0.0,0.0,0.0
2020-03-13,1.0,3.0,0.0,1.0,0.0,0.0,0.0,0.0,0.0,0.0,0.0,0.0,0.0,0.0,1.0,0.0,0.0,0.0,0.0,0.0,0.0,1.0,0.0,0.0,0.0
2020-03-14,2.0,5.0,0.0,0.0,0.0,0.0,0.0,0.0,0.0,0.0,0.0,0.0,0.0,0.0,0.0,0.0,0.0,0.0,0.0,0.0,0.0,0.0,0.0,0.0,0.0
2020-03-15,0.0,7.0,0.0,2.0,0.0,0.0,0.0,0.0,0.0,0.0,0.0,0.0,0.0,0.0,0.0,0.0,0.0,0.0,0.0,0.0,0.0,0.0,0.0,2.0,0.0
2020-03-16,3.0,3.0,0.0,4.0,0.0,0.0,0.0,0.0,0.0,0.0,0.0,0.0,0.0,0.0,0.0,0.0,0.0,0.0,0.0,0.0,0.0,0.0,0.0,0.0,0.0
2020-03-17,3.0,6.0,0.0,1.0,0.0,0.0,2.0,2.0,0.0,1.0,0.0,0.0,0.0,0.0,0.0,1.0,0.0,1.0,0.0,0.0,1.0,0.0,0.0,0.0,0.0
2020-03-18,10.0,17.0,0.0,1.0,0.0,0.0,0.0,0.0,0.0,0.0,0.0,0.0,0.0,0.0,0.0,0.0,0.0,0.0,0.0,0.0,0.0,0.0,0.0,0.0,1.0
2020-03-19,11.0,3.0,0.0,2.0,0.0,0.0,3.0,0.0,0.0,0.0,0.0,0.0,0.0,0.0,1.0,1.0,0.0,0.0,0.0,0.0,0.0,1.0,0.0,0.0,0.0
2020-03-20,8.0,10.0,0.0,1.0,0.0,1.0,4.0,1.0,0.0,0.0,0.0,0.0,0.0,0.0,1.0,1.0,0.0,0.0,0.0,1.0,0.0,0.0,1.0,1.0,0.0
2020-03-21,14.0,27.0,0.0,5.0,0.0,2.0,0.0,0.0,0.0,0.0,0.0,0.0,5.0,0.0,1.0,2.0,0.0,0.0,0.0,0.0,0.0,2.0,0.0,3.0,1.0
2020-03-22,10.0,12.0,0.0,7.0,0.0,0.0,8.0,0.0,0.0,0.0,0.0,0.0,0.0,0.0,0.0,0.0,0.0,0.0,0.0,0.0,0.0,11.0,1.0,0.0,5.0
2020-03-23,9.0,14.0,0.0,4.0,0.0,0.0,3.0,0.0,0.0,0.0,0.0,0.0,0.0,0.0,0.0,0.0,0.0,0.0,0.0,0.0,0.0,2.0,0.0,1.0,0.0
2020-03-24,31.0,26.0,0.0,13.0,0.0,1.0,6.0,0.0,0.0,0.0,1.0,0.0,0.0,0.0,1.0,0.0,0.0,0.0,0.0,0.0,1.0,21.0,0.0,4.0,0.0
2020-03-25,42.0,32.0,0.0,2.0,0.0,0.0,8.0,2.0,0.0,0.0,0.0,0.0,2.0,0.0,1.0,0.0,0.0,0.0,0.0,4.0,7.0,9.0,0.0,4.0,2.0
2020-03-26,35.0,45.0,0.0,7.0,0.0,0.0,1.0,3.0,0.0,2.0,0.0,0.0,1.0,0.0,2.0,2.0,0.0,0.0,0.0,1.0,0.0,7.0,0.0,0.0,4.0
2020-03-27,25.0,23.0,0.0,5.0,0.0,9.0,1.0,0.0,0.0,0.0,0.0,1.0,1.0,1.0,2.0,0.0,0.0,0.0,0.0,0.0,0.0,8.0,1.0,4.0,1.0
2020-03-28,12.0,23.0,0.0,5.0,0.0,2.0,3.0,0.0,0.0,0.0,0.0,0.0,1.0,0.0,2.0,0.0,0.0,0.0,1.0,0.0,1.0,14.0,0.0,4.0,1.0
2020-03-29,19.0,20.0,0.0,13.0,0.0,0.0,17.0,0.0,0.0,0.0,2.0,1.0,1.0,1.0,5.0,0.0,0.0,0.0,0.0,0.0,0.0,25.0,0.0,5.0,0.0
2020-03-30,22.0,16.0,0.0,3.0,0.0,4.0,9.0,3.0,0.0,0.0,0.0,0.0,0.0,0.0,4.0,0.0,0.0,0.0,0.0,0.0,0.0,11.0,0.0,12.0,0.0
2020-03-31,21.0,26.0,0.0,4.0,0.0,0.0,5.0,0.0,0.0,0.0,0.0,0.0,2.0,1.0,4.0,1.0,0.0,0.0,0.0,1.0,0.0,22.0,0.0,1.0,2.0
2020-04-01,29.0,20.0,0.0,8.0,0.0,3.0,16.0,2.0,0.0,0.0,0.0,3.0,10.0,0.0,3.0,0.0,1.0,2.0,0.0,1.0,11.0,10.0,0.0,0.0,1.0
2020-04-02,31.0,34.0,0.0,9.0,0.0,2.0,20.0,1.0,0.0,2.0,0.0,0.0,2.0,0.0,3.0,0.0,0.0,0.0,0.0,1.0,0.0,10.0,1.0,24.0,2.0
2020-04-03,32.0,33.0,0.0,5.0,0.0,0.0,4.0,2.0,0.0,0.0,0.0,2.0,3.0,0.0,1.0,4.0,0.0,0.0,0.0,0.0,1.0,7.0,0.0,7.0,1.0
2020-04-04,32.0,36.0,0.0,2.0,0.0,0.0,5.0,1.0,0.0,0.0,0.0,1.0,2.0,0.0,8.0,3.0,0.0,0.0,0.0,0.0,1.0,11.0,0.0,2.0,0.0
2020-04-05,13.0,20.0,0.0,0.0,0.0,0.0,8.0,0.0,0.0,0.0,0.0,1.0,1.0,0.0,11.0,2.0,1.0,0.0,0.0,1.0,0.0,5.0,0.0,3.0,5.0
2020-04-06,32.0,37.0,0.0,10.0,0.0,1.0,7.0,1.0,0.0,0.0,0.0,1.0,0.0,0.0,1.0,3.0,0.0,0.0,0.0,0.0,0.0,5.0,5.0,1.0,1.0
2020-04-07,17.0,13.0,0.0,12.0,0.0,0.0,5.0,0.0,0.0,0.0,1.0,0.0,5.0,0.0,4.0,6.0,1.0,0.0,0.0,0.0,7.0,3.0,0.0,2.0,0.0
2020-04-08,23.0,28.0,0.0,3.0,0.0,4.0,6.0,0.0,0.0,0.0,1.0,4.0,5.0,0.0,12.0,7.0,0.0,0.0,0.0,0.0,0.0,7.0,0.0,0.0,1.0
2020-04-09,20.0,24.0,0.0,6.0,0.0,0.0,20.0,1.0,0.0,0.0,0.0,1.0,7.0,0.0,4.0,7.0,0.0,0.0,0.0,0.0,2.0,2.0,0.0,2.0,0.0
2020-04-10,43.0,24.0,0.0,0.0,0.0,0.0,33.0,0.0,0.0,0.0,0.0,2.0,2.0,0.0,1.0,10.0,0.0,0.0,1.0,0.0,6.0,2.0,0.0,3.0,1.0
2020-04-11,18.0,9.0,0.0,1.0,0.0,0.0,6.0,0.0,0.0,0.0,0.0,2.0,5.0,0.0,1.0,18.0,0.0,0.0,0.0,0.0,1.0,4.0,2.0,4.0,0.0
2020-04-12,35.0,8.0,0.0,1.0,0.0,0.0,6.0,0.0,0.0,0.0,0.0,7.0,2.0,0.0,5.0,0.0,0.0,0.0,0.0,0.0,0.0,2.0,0.0,5.0,0.0
2020-04-13,23.0,10.0,0.0,26.0,0.0,0.0,14.0,0.0,0.0,0.0,0.0,6.0,1.0,0.0,1.0,7.0,0.0,0.0,0.0,0.0,0.0,1.0,0.0,2.0,1.0
2020-04-14,63.0,16.0,0.0,2.0,1.0,0.0,14.0,0.0,0.0,0.0,0.0,1.0,4.0,0.0,2.0,16.0,0.0,0.0,0.0,0.0,0.0,5.0,0.0,3.0,0.0
2020-04-15,51.0,32.0,0.0,14.0,0.0,0.0,2.0,1.0,0.0,0.0,0.0,5.0,1.0,0.0,1.0,12.0,0.0,0.0,0.0,0.0,0.0,3.0,0.0,7.0,0.0
2020-04-16,42.0,18.0,0.0,22.0,0.0,1.0,6.0,0.0,0.0,0.0,0.0,1.0,4.0,0.0,0.0,9.0,0.0,0.0,0.0,0.0,0.0,3.0,0.0,0.0,0.0
2020-04-17,35.0,15.0,0.0,16.0,0.0,1.0,2.0,0.0,0.0,0.0,0.0,0.0,1.0,1.0,3.0,4.0,0.0,0.0,0.0,0.0,0.0,7.0,0.0,3.0,0.0
2020-04-18,59.0,25.0,0.0,9.0,1.0,2.0,11.0,0.0,0.0,0.0,0.0,1.0,1.0,1.0,2.0,6.0,0.0,0.0,0.0,0.0,0.0,1.0,0.0,3.0,0.0
2020-04-19,26.0,19.0,0.0,3.0,0.0,0.0,0.0,0.0,0.0,0.0,0.0,3.0,1.0,0.0,1.0,5.0,0.0,0.0,0.0,0.0,1.0,1.0,0.0,0.0,1.0
2020-04-20,48.0,15.0,0.0,4.0,0.0,0.0,1.0,0.0,0.0,0.0,0.0,1.0,1.0,0.0,4.0,16.0,0.0,0.0,0.0,0.0,1.0,2.0,0.0,1.0,0.0
2020-04-21,62.0,53.0,0.0,7.0,0.0,0.0,2.0,0.0,0.0,0.0,0.0,5.0,2.0,0.0,7.0,13.0,0.0,0.0,0.0,0.0,0.0,6.0,0.0,0.0,3.0
2020-04-22,59.0,24.0,0.0,6.0,0.0,1.0,4.0,0.0,0.0,0.0,0.0,0.0,1.0,0.0,3.0,14.0,0.0,0.0,0.0,0.0,0.0,6.0,0.0,1.0,0.0
2020-04-23,69.0,49.0,0.0,7.0,0.0,2.0,2.0,0.0,0.0,0.0,0.0,0.0,0.0,0.0,0.0,6.0,0.0,0.0,0.0,0.0,0.0,2.0,0.0,0.0,0.0
2020-04-24,77.0,76.0,0.0,14.0,0.0,2.0,1.0,0.0,0.0,0.0,0.0,5.0,0.0,0.0,1.0,3.0,1.0,0.0,0.0,0.0,1.0,2.0,0.0,3.0,0.0
2020-04-25,79.0,55.0,0.0,6.0,0.0,5.0,1.0,0.0,0.0,0.0,0.0,1.0,1.0,0.0,2.0,10.0,2.0,0.0,0.0,0.0,0.0,3.0,1.0,0.0,1.0
2020-04-26,30.0,33.0,0.0,8.0,0.0,2.0,2.0,0.0,0.0,0.0,0.0,0.0,0.0,0.0,3.0,0.0,0.0,1.0,0.0,0.0,5.0,0.0,2.0,1.0,0.0
2020-04-27,67.0,39.0,0.0,3.0,0.0,0.0,2.0,1.0,0.0,0.0,0.0,1.0,0.0,2.0,0.0,6.0,0.0,0.0,0.0,0.0,1.0,0.0,0.0,3.0,1.0
2020-04-28,63.0,42.0,0.0,4.0,0.0,1.0,0.0,0.0,0.0,0.0,0.0,1.0,1.0,0.0,0.0,9.0,0.0,0.0,0.0,0.0,0.0,1.0,0.0,3.0,0.0
2020-04-29,89.0,27.0,0.0,3.0,0.0,1.0,3.0,0.0,0.0,0.0,0.0,0.0,3.0,4.0,2.0,10.0,0.0,0.0,1.0,0.0,1.0,0.0,0.0,2.0,2.0
2020-04-30,49.0,26.0,0.0,14.0,1.0,1.0,13.0,2.0,0.0,0.0,0.0,3.0,5.0,0.0,0.0,21.0,0.0,0.0,0.0,0.0,0.0,0.0,0.0,2.0,0.0
2020-05-01,48.0,57.0,0.0,17.0,1.0,0.0,13.0,0.0,0.0,0.0,0.0,0.0,0.0,0.0,0.0,2.0,0.0,0.0,0.0,0.0,0.0,0.0,0.0,2.0,0.0
2020-05-02,38.0,47.0,0.0,4.0,0.0,0.0,0.0,2.0,0.0,0.0,0.0,0.0,0.0,0.0,1.0,7.0,1.0,0.0,0.0,0.0,0.0,0.0,0.0,1.0,0.0
2020-05-03,31.0,41.0,0.0,4.0,0.0,0.0,8.0,0.0,0.0,0.0,0.0,0.0,0.0,13.0,0.0,3.0,0.0,0.0,1.0,0.0,0.0,0.0,0.0,1.0,3.0
2020-05-04,46.0,53.0,0.0,12.0,0.0,0.0,1.0,1.0,0.0,0.0,0.0,0.0,1.0,0.0,0.0,5.0,0.0,0.0,0.0,0.0,0.0,1.0,0.0,0.0,0.0
2020-05-05,78.0,77.0,0.0,7.0,0.0,0.0,6.0,1.0,0.0,0.0,0.0,1.0,0.0,0.0,1.0,9.0,1.0,0.0,1.0,0.0,0.0,1.0,0.0,0.0,0.0
2020-05-06,59.0,103.0,0.0,24.0,0.0,4.0,2.0,0.0,0.0,0.0,0.0,1.0,0.0,0.0,2.0,3.0,1.0,0.0,0.0,0.0,0.0,0.0,0.0,0.0,0.0
2020-05-07,59.0,134.0,0.0,33.0,0.0,1.0,3.0,0.0,0.0,0.0,0.0,1.0,0.0,0.0,0.0,4.0,3.0,0.0,0.0,0.0,0.0,0.0,0.0,0.0,0.0
2020-05-08,73.0,104.0,0.0,11.0,0.0,0.0,3.0,0.0,0.0,0.0,0.0,0.0,1.0,0.0,0.0,4.0,4.0,0.0,0.0,0.0,0.0,0.0,0.0,1.0,0.0
2020-05-09,57.0,146.0,0.0,33.0,0.0,0.0,9.0,0.0,0.0,0.0,0.0,0.0,0.0,0.0,1.0,1.0,1.0,0.0,0.0,0.0,0.0,0.0,1.0,2.0,0.0
2020-05-10,39.0,121.0,0.0,22.0,0.0,0.0,14.0,0.0,0.0,0.0,0.0,1.0,0.0,0.0,1.0,2.0,0.0,0.0,0.0,0.0,0.0,0.0,0.0,0.0,0.0
2020-05-11,58.0,169.0,0.0,0.0,0.0,17.0,3.0,0.0,0.0,0.0,0.0,0.0,0.0,0.0,0.0,14.0,2.0,0.0,0.0,0.0,0.0,0.0,0.0,0.0,1.0
2020-05-12,90.0,169.0,0.0,18.0,0.0,2.0,8.0,1.0,0.0,0.0,0.0,0.0,1.0,0.0,0.0,1.0,0.0,1.0,0.0,0.0,0.0,0.0,0.0,0.0,0.0
2020-05-13,96.0,193.0,0.0,19.0,1.0,4.0,8.0,0.0,0.0,0.0,0.0,0.0,0.0,0.0,2.0,4.0,0.0,0.0,0.0,0.0,0.0,0.0,0.0,0.0,0.0
2020-05-14,93.0,169.0,0.0,27.0,0.0,0.0,3.0,0.0,0.0,0.0,0.0,0.0,0.0,0.0,1.0,12.0,0.0,0.0,0.0,0.0,0.0,0.0,0.0,0.0,0.0
2020-05-15,98.0,264.0,0.0,16.0,0.0,0.0,7.0,0.0,0.0,0.0,0.0,0.0,0.0,0.0,0.0,10.0,0.0,0.0,0.0,0.0,0.0,1.0,0.0,0.0,0.0
2020-05-16,120.0,169.0,0.0,25.0,0.0,0.0,18.0,0.0,0.0,0.0,0.0,1.0,0.0,0.0,0.0,6.0,2.0,0.0,0.0,0.0,0.0,1.0,0.0,0.0,0.0
2020-05-17,54.0,150.0,0.0,14.0,0.0,0.0,16.0,0.0,0.0,0.0,0.0,2.0,0.0,0.0,0.0,2.0,1.0,0.0,0.0,0.0,0.0,4.0,1.0,0.0,0.0
2020-05-18,156.0,179.0,0.0,25.0,0.0,0.0,16.0,0.0,0.0,0.0,0.0,0.0,0.0,0.0,0.0,5.0,1.0,0.0,1.0,0.0,0.0,0.0,6.0,0.0,0.0
2020-05-19,154.0,334.0,0.0,31.0,0.0,0.0,3.0,0.0,0.0,0.0,0.0,0.0,0.0,0.0,0.0,2.0,3.0,0.0,0.0,0.0,0.0,0.0,0.0,0.0,0.0
2020-05-20,194.0,370.0,0.0,25.0,0.0,0.0,13.0,0.0,0.0,1.0,0.0,0.0,0.0,0.0,0.0,2.0,4.0,0.0,0.0,0.0,0.0,4.0,0.0,0.0,1.0
2020-05-21,266.0,437.0,0.0,25.0,0.0,0.0,8.0,0.0,0.0,0.0,0.0,0.0,1.0,0.0,0.0,7.0,1.0,1.0,0.0,0.0,0.0,1.0,0.0,2.0,0.0
2020-05-22,298.0,475.0,0.0,26.0,0.0,0.0,0.0,0.0,0.0,0.0,0.0,0.0,0.0,0.0,1.0,5.0,1.0,1.0,0.0,0.0,0.0,4.0,0.0,0.0,0.0
2020-05-23,226.0,356.0,0.0,23.0,0.0,0.0,0.0,0.0,0.0,0.0,0.0,0.0,0.0,0.0,0.0,5.0,2.0,0.0,0.0,0.0,0.0,2.0,0.0,0.0,1.0
2020-05-24,153.0,334.0,0.0,5.0,0.0,0.0,6.0,0.0,0.0,0.0,0.0,0.0,0.0,0.0,0.0,2.0,1.0,0.0,0.0,0.0,0.0,0.0,0.0,0.0,2.0
2020-05-25,246.0,278.0,0.0,18.0,0.0,0.0,1.0,0.0,0.0,0.0,0.0,0.0,0.0,0.0,1.0,3.0,1.0,0.0,0.0,0.0,0.0,1.0,0.0,0.0,0.0
2020-05-26,271.0,348.0,0.0,14.0,1.0,2.0,0.0,0.0,0.0,0.0,0.0,0.0,0.0,0.0,2.0,8.0,4.0,0.0,0.0,0.0,0.0,0.0,0.0,1.0,0.0
2020-05-27,267.0,397.0,0.0,34.0,1.0,0.0,1.0,0.0,0.0,1.0,0.0,0.0,0.0,0.0,2.0,4.0,5.0,0.0,2.0,0.0,0.0,0.0,0.0,0.0,0.0
2020-05-28,261.0,466.0,0.0,24.0,3.0,0.0,0.0,1.0,0.0,0.0,0.0,0.0,0.0,1.0,2.0,7.0,2.0,0.0,0.0,0.0,0.0,0.0,0.0,0.0,0.0
2020-05-29,331.0,447.0,0.0,29.0,0.0,6.0,0.0,0.0,0.0,0.0,0.0,1.0,3.0,1.0,4.0,15.0,2.0,1.0,0.0,0.0,0.0,0.0,0.0,0.0,0.0
2020-05-30,314.0,349.0,0.0,17.0,2.0,0.0,1.0,1.0,0.0,0.0,0.0,0.0,0.0,1.0,0.0,3.0,3.0,0.0,0.0,0.0,1.0,2.0,0.0,0.0,0.0
2020-05-31,202.0,316.0,0.0,2.0,0.0,6.0,0.0,0.0,0.0,0.0,0.0,0.0,8.0,0.0,3.0,1.0,0.0,3.0,0.0,0.0,0.0,0.0,0.0,0.0,0.0
2020-06-01,416.0,371.0,0.0,32.0,0.0,0.0,0.0,2.0,0.0,0.0,0.0,0.0,0.0,0.0,4.0,13.0,2.0,1.0,0.0,0.0,1.0,3.0,0.0,0.0,0.0
2020-06-02,476.0,410.0,0.0,8.0,1.0,2.0,3.0,0.0,0.0,0.0,0.0,0.0,0.0,0.0,12.0,5.0,1.0,4.0,0.0,0.0,1.0,1.0,1.0,0.0,0.0
2020-06-03,400.0,461.0,0.0,49.0,0.0,0.0,0.0,2.0,0.0,0.0,0.0,0.0,0.0,2.0,0.0,14.0,3.0,0.0,0.0,0.0,0.0,3.0,0.0,0.0,0.0
2020-06-04,385.0,421.0,0.0,40.0,3.0,0.0,4.0,4.0,0.0,0.0,0.0,0.0,0.0,0.0,1.0,12.0,2.0,0.0,0.0,0.0,0.0,6.0,0.0,0.0,1.0
2020-06-05,442.0,475.0,0.0,19.0,1.0,0.0,1.0,7.0,0.0,0.0,0.0,0.0,0.0,0.0,1.0,15.0,6.0,0.0,0.0,0.0,0.0,0.0,0.0,0.0,0.0
2020-06-06,555.0,491.0,0.0,19.0,6.0,0.0,0.0,4.0,0.0,0.0,0.0,1.0,0.0,6.0,1.0,14.0,4.0,0.0,0.0,0.0,0.0,4.0,0.0,0.0,0.0
2020-06-07,236.0,292.0,0.0,37.0,0.0,0.0,0.0,2.0,0.0,0.0,0.0,0.0,0.0,0.0,0.0,5.0,1.0,0.0,0.0,0.0,0.0,0.0,0.0,0.0,0.0
2020-06-08,457.0,507.0,0.0,38.0,5.0,1.0,1.0,2.0,0.0,0.0,0.0,0.0,1.0,0.0,3.0,13.0,3.0,0.0,0.0,0.0,0.0,1.0,0.0,0.0,0.0
2020-06-09,679.0,605.0,0.0,36.0,1.0,0.0,4.0,3.0,0.0,0.0,0.0,0.0,1.0,0.0,8.0,16.0,4.0,1.0,1.0,0.0,0.0,4.0,0.0,0.0,0.0
2020-06-10,696.0,538.0,0.0,67.0,0.0,1.0,2.0,6.0,0.0,0.0,0.0,0.0,1.0,1.0,14.0,15.0,6.0,0.0,0.0,0.0,0.0,2.0,0.0,0.0,0.0
2020-06-11,819.0,651.0,0.0,17.0,3.0,2.0,11.0,5.0,1.0,1.0,0.0,0.0,1.0,0.0,18.0,10.0,1.0,0.0,0.0,0.0,0.0,1.0,0.0,0.0,1.0
2020-06-12,819.0,683.0,0.0,52.0,9.0,1.0,2.0,2.0,35.0,0.0,0.0,0.0,1.0,0.0,12.0,18.0,4.0,0.0,1.0,0.0,0.0,0.0,0.0,1.0,1.0
2020-06-13,836.0,548.0,0.0,50.0,2.0,1.0,8.0,18.0,0.0,1.0,0.0,0.0,1.0,0.0,10.0,14.0,2.0,2.0,0.0,0.0,0.0,1.0,0.0,0.0,2.0
2020-06-14,484.0,475.0,0.0,34.0,25.0,3.0,5.0,1.0,1.0,0.0,1.0,0.0,6.0,1.0,8.0,0.0,5.0,1.0,0.0,0.0,0.0,0.0,0.0,0.0,4.0
2020-06-15,701.0,509.0,0.0,23.0,9.0,0.0,2.0,9.0,0.0,0.0,0.0,0.0,3.0,0.0,18.0,12.0,2.0,0.0,0.0,0.0,0.0,0.0,0.0,0.0,0.0
2020-06-16,885.0,690.0,0.0,25.0,0.0,1.0,3.0,7.0,1.0,4.0,0.0,0.0,1.0,0.0,12.0,23.0,7.0,0.0,0.0,0.0,0.0,3.0,0.0,0.0,1.0
2020-06-17,1077.0,725.0,0.0,59.0,11.0,2.0,7.0,5.0,0.0,4.0,0.0,0.0,1.0,0.0,9.0,15.0,8.0,0.0,1.0,0.0,0.0,7.0,0.0,0.0,1.0
2020-06-18,1107.0,798.0,0.0,46.0,4.0,0.0,15.0,4.0,1.0,5.0,0.0,0.0,3.0,0.0,20.0,43.0,6.0,0.0,1.0,0.0,0.0,9.0,0.0,0.0,0.0
2020-06-19,1157.0,799.0,0.0,38.0,3.0,3.0,18.0,0.0,0.0,5.0,0.0,0.0,4.0,0.0,16.0,16.0,10.0,0.0,0.0,0.0,0.0,24.0,0.0,1.0,0.0
2020-06-20,1426.0,808.0,0.0,55.0,6.0,1.0,17.0,19.0,2.0,13.0,0.0,0.0,7.0,0.0,13.0,28.0,4.0,0.0,1.0,0.0,0.0,6.0,0.0,0.0,0.0
2020-06-21,628.0,747.0,0.0,26.0,4.0,0.0,19.0,8.0,4.0,6.0,0.0,0.0,1.0,0.0,14.0,2.0,4.0,0.0,0.0,0.0,0.0,4.0,0.0,0.0,0.0
2020-06-22,1147.0,953.0,0.0,45.0,2.0,2.0,3.0,17.0,0.0,6.0,0.0,1.0,4.0,0.0,25.0,16.0,8.0,1.0,0.0,0.0,0.0,7.0,0.0,0.0,1.0
2020-06-23,1459.0,979.0,0.0,54.0,3.0,0.0,20.0,17.0,0.0,3.0,1.0,6.0,8.0,0.0,23.0,24.0,10.0,3.0,0.0,0.0,0.0,25.0,0.0,0.0,4.0
2020-06-24,1417.0,953.0,0.0,40.0,1.0,1.0,3.0,24.0,0.0,6.0,0.0,2.0,5.0,1.0,16.0,38.0,2.0,0.0,0.0,0.0,0.0,6.0,0.0,0.0,6.0
2020-06-25,1739.0,1018.0,0.0,41.0,10.0,0.0,8.0,16.0,15.0,10.0,0.0,1.0,2.0,0.0,28.0,29.0,12.0,0.0,0.0,0.0,1.0,23.0,0.0,0.0,1.0
2020-06-26,1840.0,977.0,0.0,89.0,2.0,0.0,20.0,20.0,3.0,10.0,0.0,0.0,6.0,0.0,19.0,20.0,8.0,2.0,0.0,0.0,0.0,10.0,0.0,0.0,0.0
2020-06-27,1491.0,709.0,0.0,70.0,5.0,0.0,4.0,10.0,0.0,10.0,0.0,1.0,4.0,0.0,15.0,11.0,4.0,0.0,0.0,0.0,0.0,6.0,2.0,0.0,1.0
2020-06-28,966.0,740.0,0.0,29.0,1.0,0.0,4.0,24.0,0.0,4.0,0.0,6.0,3.0,0.0,17.0,1.0,5.0,0.0,0.0,0.0,0.0,4.0,0.0,0.0,0.0
2020-06-29,1350.0,807.0,0.0,43.0,7.0,1.0,4.0,5.0,0.0,4.0,0.0,4.0,0.0,1.0,11.0,23.0,10.0,4.0,0.0,0.0,0.0,2.0,0.0,0.0,0.0
2020-06-30,1750.0,928.0,0.0,48.0,4.0,1.0,11.0,5.0,4.0,18.0,0.0,1.0,6.0,0.0,14.0,18.0,12.0,2.0,0.0,0.0,0.0,2.0,0.0,0.0,0.0
2020-07-01,1791.0,825.0,0.0,81.0,5.0,0.0,9.0,9.0,0.0,18.0,0.0,3.0,6.0,0.0,21.0,24.0,21.0,0.0,0.0,0.0,1.0,3.0,1.0,0.0,7.0
2020-07-02,1748.0,962.0,0.0,42.0,8.0,0.0,10.0,15.0,0.0,33.0,0.0,3.0,4.0,0.0,28.0,19.0,9.0,1.0,0.0,0.0,0.0,5.0,0.0,0.0,0.0
2020-07-03,2146.0,1066.0,1.0,58.0,6.0,0.0,8.0,10.0,0.0,17.0,0.0,5.0,4.0,0.0,11.0,37.0,12.0,7.0,0.0,1.0,0.0,2.0,0.0,3.0,4.0
2020-07-04,2214.0,925.0,5.0,46.0,9.0,3.0,14.0,6.0,0.0,37.0,0.0,5.0,7.0,0.0,14.0,17.0,4.0,10.0,0.0,0.0,5.0,7.0,0.0,1.0,3.0
2020-07-05,1063.0,775.0,1.0,26.0,3.0,2.0,18.0,6.0,0.0,24.0,0.0,4.0,6.0,0.0,22.0,1.0,14.0,2.0,0.0,0.0,0.0,4.0,0.0,0.0,0.0
2020-07-06,1764.0,959.0,0.0,25.0,5.0,2.0,41.0,6.0,0.0,52.0,0.0,13.0,22.0,0.0,34.0,17.0,6.0,1.0,0.0,1.0,2.0,4.0,0.0,0.0,0.0
2020-07-07,2137.0,1022.0,21.0,58.0,10.0,6.0,36.0,9.0,0.0,33.0,0.0,6.0,21.0,0.0,23.0,20.0,24.0,10.0,0.0,0.0,0.0,14.0,8.0,0.0,0.0
2020-07-08,2682.0,1206.0,10.0,32.0,19.0,0.0,37.0,11.0,7.0,36.0,0.0,1.0,14.0,0.0,21.0,16.0,35.0,2.0,0.0,0.0,0.0,18.0,1.0,1.0,1.0
2020-07-09,2371.0,1023.0,0.0,49.0,5.0,0.0,11.0,20.0,0.0,46.0,0.0,6.0,9.0,0.0,15.0,23.0,40.0,2.0,1.0,0.0,5.0,8.0,0.0,0.0,2.0
2020-07-10,2354.0,973.0,1.0,57.0,8.0,2.0,36.0,25.0,0.0,39.0,0.0,5.0,17.0,0.0,15.0,26.0,30.0,5.0,0.0,0.0,0.0,9.0,1.0,0.0,1.0
2020-07-11,2196.0,876.0,0.0,25.0,2.0,0.0,31.0,31.0,0.0,65.0,0.0,5.0,10.0,1.0,4.0,35.0,13.0,8.0,0.0,0.0,0.0,25.0,0.0,0.0,2.0
2020-07-12,1255.0,648.0,0.0,22.0,10.0,0.0,47.0,60.0,0.0,15.0,0.0,6.0,16.0,0.0,21.0,2.0,23.0,5.0,0.0,1.0,1.0,12.0,0.0,8.0,1.0
2020-07-13,2202.0,985.0,0.0,77.0,4.0,1.0,29.0,42.0,0.0,41.0,0.0,8.0,15.0,0.0,42.0,54.0,27.0,7.0,4.0,0.0,0.0,19.0,1.0,48.0,0.0
2020-07-14,2722.0,1131.0,2.0,67.0,5.0,1.0,32.0,20.0,0.0,35.0,1.0,2.0,40.0,0.0,36.0,23.0,37.0,11.0,0.0,0.0,1.0,27.0,0.0,1.0,0.0
2020-07-15,2707.0,1198.0,0.0,37.0,1.0,6.0,32.0,9.0,1.0,75.0,0.0,5.0,24.0,0.0,22.0,23.0,39.0,8.0,0.0,0.0,12.0,21.0,0.0,1.0,2.0
2020-07-16,3025.0,1114.0,14.0,59.0,10.0,1.0,47.0,14.0,0.0,69.0,0.0,5.0,18.0,0.0,16.0,53.0,75.0,3.0,0.0,0.0,21.0,25.0,0.0,0.0,1.0
2020-07-17,3180.0,1279.0,1.0,51.0,7.0,0.0,81.0,24.0,0.0,103.0,0.0,17.0,45.0,0.0,42.0,39.0,71.0,8.0,0.0,1.0,24.0,39.0,0.0,23.0,1.0
2020-07-18,3052.0,1154.0,1.0,50.0,5.0,0.0,42.0,15.0,0.0,78.0,0.0,5.0,42.0,0.0,17.0,39.0,37.0,14.0,0.0,0.0,48.0,26.0,0.0,3.0,0.0
2020-07-19,1857.0,866.0,0.0,29.0,6.0,0.0,100.0,14.0,0.0,47.0,0.0,0.0,31.0,0.0,17.0,7.0,25.0,2.0,2.0,0.0,46.0,19.0,1.0,0.0,1.0
2020-07-20,3086.0,1287.0,2.0,42.0,13.0,0.0,71.0,19.0,0.0,102.0,0.0,1.0,38.0,0.0,17.0,36.0,39.0,4.0,0.0,1.0,17.0,40.0,0.0,8.0,0.0
2020-07-21,3667.0,1420.0,0.0,74.0,1.0,3.0,100.0,10.0,0.0,190.0,0.0,10.0,62.0,1.0,30.0,46.0,47.0,19.0,3.0,1.0,8.0,37.0,0.0,11.0,0.0
2020-07-22,4078.0,1210.0,1.0,49.0,2.0,1.0,67.0,28.0,1.0,200.0,0.0,9.0,42.0,0.0,18.0,60.0,42.0,12.0,0.0,2.0,41.0,48.0,0.0,8.0,3.0
2020-07-23,4139.0,1259.0,0.0,58.0,3.0,0.0,79.0,28.0,1.0,160.0,2.0,10.0,54.0,0.0,33.0,35.0,50.0,15.0,0.0,0.0,10.0,24.0,0.0,16.0,1.0
2020-07-24,4471.0,1318.0,0.0,39.0,3.0,3.0,71.0,11.0,0.0,150.0,14.0,16.0,76.0,0.0,13.0,52.0,33.0,14.0,0.0,1.0,31.0,30.0,1.0,24.0,11.0
2020-07-25,3446.0,948.0,0.0,71.0,2.0,7.0,45.0,17.0,0.0,92.0,9.0,6.0,30.0,0.0,24.0,49.0,47.0,12.0,0.0,0.0,27.0,42.0,1.0,38.0,3.0
2020-07-26,2146.0,941.0,0.0,27.0,1.0,25.0,117.0,22.0,0.0,101.0,13.0,12.0,47.0,0.0,16.0,6.0,44.0,1.0,1.0,0.0,26.0,30.0,0.0,36.0,12.0
2020-07-27,3649.0,1019.0,0.0,22.0,4.0,1.0,110.0,4.0,0.0,198.0,12.0,14.0,79.0,0.0,47.0,62.0,49.0,4.0,0.0,0.0,15.0,60.0,0.0,7.0,23.0
2020-07-28,4194.0,1267.0,1.0,83.0,2.0,25.0,84.0,8.0,0.0,110.0,12.0,32.0,68.0,0.0,30.0,66.0,29.0,6.0,0.0,4.0,8.0,66.0,1.0,24.0,11.0
2020-07-29,4562.0,1173.0,0.0,68.0,3.0,0.0,104.0,14.0,0.0,158.0,7.0,11.0,68.0,0.0,17.0,71.0,41.0,22.0,0.0,2.0,42.0,60.0,1.0,29.0,32.0
2020-07-30,4332.0,1167.0,0.0,56.0,2.0,2.0,72.0,22.0,0.0,115.0,26.0,37.0,108.0,2.0,33.0,107.0,23.0,7.0,0.0,4.0,20.0,42.0,2.0,32.0,14.0
2020-07-31,5047.0,1176.0,0.0,52.0,11.0,34.0,141.0,12.0,0.0,196.0,28.0,18.0,127.0,0.0,24.0,104.0,20.0,21.0,0.0,0.0,23.0,80.0,0.0,21.0,15.0
2020-08-01,3478.0,1066.0,0.0,45.0,3.0,13.0,92.0,12.0,1.0,130.0,35.0,14.0,69.0,0.0,19.0,75.0,18.0,20.0,0.0,1.0,37.0,88.0,0.0,53.0,28.0
2020-08-02,2931.0,1027.0,0.0,29.0,4.0,2.0,85.0,23.0,1.0,65.0,1.0,8.0,111.0,0.0,23.0,22.0,21.0,7.0,0.0,0.0,23.0,64.0,0.0,117.0,18.0
2020-08-03,4148.0,1399.0,0.0,55.0,1.0,0.0,118.0,30.0,0.0,126.0,1.0,21.0,96.0,0.0,17.0,185.0,20.0,31.0,2.0,1.0,16.0,82.0,1.0,38.0,28.0
2020-08-04,4910.0,1478.0,0.0,71.0,8.0,2.0,205.0,22.0,0.0,158.0,1.0,28.0,95.0,0.0,75.0,115.0,19.0,29.0,0.0,4.0,50.0,115.0,19.0,47.0,23.0
2020-08-05,5714.0,1490.0,0.0,47.0,5.0,2.0,115.0,42.0,0.0,170.0,0.0,39.0,83.0,0.0,28.0,180.0,20.0,37.0,0.0,0.0,41.0,67.0,9.0,53.0,34.0
2020-08-06,5508.0,1229.0,0.0,75.0,12.0,2.0,161.0,67.0,0.0,128.0,4.0,31.0,150.0,0.0,40.0,145.0,31.0,65.0,0.0,0.0,55.0,190.0,25.0,102.0,8.0
2020-08-07,5755.0,1234.0,0.0,54.0,8.0,0.0,187.0,47.0,0.0,232.0,3.0,37.0,127.0,1.0,49.0,110.0,19.0,45.0,0.0,0.0,24.0,173.0,19.0,46.0,7.0
2020-08-08,4493.0,1067.0,0.0,73.0,20.0,0.0,153.0,31.0,0.0,142.0,0.0,22.0,118.0,0.0,30.0,86.0,12.0,81.0,0.0,0.0,41.0,72.0,12.0,27.0,10.0
2020-08-09,2792.0,925.0,0.0,14.0,5.0,5.0,163.0,73.0,0.0,87.0,0.0,27.0,79.0,0.0,30.0,32.0,11.0,32.0,0.0,0.0,26.0,75.0,10.0,49.0,43.0
2020-08-10,4449.0,1157.0,0.0,64.0,7.0,1.0,176.0,48.0,0.0,135.0,1.0,53.0,147.0,0.0,84.0,208.0,13.0,51.0,0.0,1.0,24.0,200.0,17.0,68.0,22.0
2020-08-11,4860.0,1137.0,1.0,70.0,8.0,0.0,146.0,34.0,0.0,240.0,2.0,46.0,179.0,0.0,87.0,160.0,20.0,64.0,0.0,0.0,43.0,164.0,22.0,49.0,32.0
2020-08-12,4950.0,1147.0,0.0,58.0,21.0,2.0,194.0,66.0,0.0,166.0,0.0,58.0,147.0,0.0,35.0,154.0,20.0,92.0,0.0,0.0,46.0,166.0,26.0,69.0,27.0
2020-08-13,4797.0,1225.0,0.0,53.0,10.0,2.0,184.0,60.0,0.0,190.0,2.0,50.0,207.0,0.0,46.0,108.0,11.0,71.0,0.0,1.0,51.0,198.0,24.0,44.0,33.0
2020-08-14,4535.0,1181.0,0.0,38.0,3.0,3.0,138.0,110.0,0.0,200.0,0.0,108.0,236.0,0.0,40.0,107.0,13.0,91.0,0.0,0.0,30.0,187.0,27.0,39.0,28.0
2020-08-15,4192.0,1022.0,0.0,73.0,12.0,1.0,142.0,87.0,0.0,296.0,1.0,56.0,205.0,0.0,43.0,104.0,15.0,102.0,0.0,1.0,25.0,145.0,33.0,70.0,39.0
2020-08-16,1810.0,774.0,1.0,69.0,14.0,0.0,119.0,74.0,0.0,141.0,1.0,41.0,161.0,0.0,50.0,61.0,6.0,72.0,0.0,0.0,52.0,130.0,68.0,31.0,18.0
2020-08-17,3274.0,905.0,0.0,55.0,9.0,1.0,271.0,61.0,0.0,154.0,2.0,21.0,144.0,0.0,56.0,76.0,12.0,127.0,0.0,0.0,11.0,164.0,1.0,27.0,58.0
2020-08-18,4115.0,1188.0,0.0,51.0,12.0,0.0,98.0,54.0,0.0,220.0,2.0,57.0,140.0,0.0,34.0,123.0,11.0,87.0,0.0,2.0,44.0,225.0,39.0,48.0,93.0
2020-08-19,5069.0,1363.0,0.0,79.0,19.0,0.0,263.0,42.0,1.0,261.0,0.0,47.0,248.0,0.0,51.0,98.0,18.0,133.0,5.0,1.0,51.0,216.0,33.0,36.0,56.0
2020-08-20,5713.0,1228.0,0.0,61.0,13.0,9.0,150.0,61.0,0.0,171.0,1.0,68.0,273.0,0.0,65.0,136.0,16.0,103.0,8.0,1.0,52.0,311.0,40.0,31.0,64.0
2020-08-21,5157.0,1196.0,0.0,53.0,47.0,7.0,263.0,124.0,1.0,233.0,2.0,44.0,205.0,0.0,90.0,173.0,17.0,136.0,15.0,1.0,86.0,277.0,41.0,27.0,78.0
2020-08-22,4621.0,1058.0,0.0,52.0,28.0,11.0,180.0,146.0,0.0,254.0,0.0,50.0,209.0,0.0,87.0,182.0,15.0,107.0,17.0,1.0,42.0,259.0,35.0,24.0,83.0
2020-08-23,2434.0,775.0,0.0,40.0,18.0,0.0,312.0,91.0,0.0,237.0,0.0,58.0,140.0,0.0,70.0,51.0,5.0,77.0,24.0,0.0,43.0,140.0,56.0,29.0,91.0
2020-08-24,4898.0,1318.0,0.0,50.0,35.0,15.0,258.0,119.0,0.0,236.0,1.0,61.0,247.0,0.0,108.0,165.0,21.0,150.0,13.0,0.0,39.0,388.0,72.0,22.0,112.0
2020-08-25,5512.0,1412.0,0.0,86.0,75.0,6.0,399.0,106.0,0.0,309.0,1.0,84.0,315.0,0.0,88.0,145.0,29.0,122.0,16.0,0.0,60.0,406.0,37.0,22.0,100.0
2020-08-26,6238.0,1469.0,1.0,52.0,46.0,5.0,282.0,97.0,0.0,282.0,1.0,114.0,308.0,0.0,138.0,218.0,25.0,235.0,55.0,5.0,40.0,491.0,58.0,33.0,98.0
2020-08-27,6583.0,1577.0,0.0,76.0,69.0,12.0,366.0,155.0,0.0,336.0,0.0,100.0,334.0,0.0,100.0,137.0,19.0,284.0,28.0,7.0,84.0,533.0,41.0,51.0,156.0
2020-08-28,5993.0,1384.0,0.0,95.0,61.0,31.0,405.0,177.0,0.0,323.0,5.0,100.0,397.0,0.0,106.0,171.0,21.0,247.0,12.0,12.0,53.0,727.0,30.0,38.0,243.0
2020-08-29,5011.0,1079.0,0.0,70.0,42.0,17.0,394.0,95.0,1.0,324.0,3.0,114.0,352.0,0.0,93.0,170.0,23.0,266.0,23.0,24.0,68.0,473.0,57.0,22.0,145.0
2020-08-30,3218.0,1109.0,1.0,63.0,42.0,14.0,377.0,123.0,0.0,177.0,0.0,97.0,276.0,0.0,71.0,54.0,14.0,124.0,26.0,41.0,50.0,387.0,61.0,25.0,277.0
2020-08-31,5217.0,1293.0,0.0,76.0,50.0,19.0,445.0,235.0,6.0,220.0,3.0,147.0,324.0,0.0,148.0,135.0,32.0,161.0,3.0,26.0,61.0,632.0,34.0,17.0,229.0
2020-09-01,5893.0,1353.0,2.0,85.0,39.0,37.0,564.0,180.0,0.0,182.0,7.0,162.0,497.0,2.0,164.0,147.0,24.0,247.0,30.0,10.0,58.0,918.0,54.0,59.0,314.0
2020-09-02,5962.0,1166.0,1.0,108.0,93.0,19.0,619.0,121.0,0.0,452.0,2.0,85.0,620.0,0.0,113.0,141.0,19.0,203.0,11.0,21.0,104.0,910.0,60.0,38.0,294.0
2020-09-03,5530.0,1240.0,9.0,95.0,59.0,20.0,469.0,175.0,0.0,417.0,5.0,123.0,656.0,1.0,143.0,211.0,28.0,303.0,60.0,20.0,91.0,905.0,62.0,54.0,325.0
2020-09-04,5159.0,1116.0,4.0,124.0,58.0,28.0,526.0,147.0,0.0,299.0,10.0,161.0,648.0,1.0,194.0,179.0,17.0,388.0,20.0,17.0,93.0,1061.0,55.0,24.0,414.0
2020-09-05,4793.0,1094.0,2.0,126.0,45.0,33.0,401.0,75.0,0.0,251.0,1.0,142.0,482.0,0.0,144.0,173.0,14.0,297.0,13.0,43.0,131.0,610.0,96.0,36.0,336.0
2020-09-06,2587.0,767.0,8.0,46.0,24.0,18.0,420.0,40.0,0.0,179.0,4.0,81.0,464.0,0.0,112.0,66.0,13.0,96.0,2.0,32.0,54.0,580.0,46.0,33.0,358.0
2020-09-07,4872.0,1120.0,1.0,91.0,69.0,37.0,338.0,84.0,0.0,338.0,6.0,146.0,564.0,1.0,127.0,196.0,7.0,143.0,2.0,41.0,84.0,986.0,45.0,43.0,311.0
2020-09-08,5987.0,1295.0,9.0,124.0,68.0,16.0,492.0,124.0,2.0,292.0,16.0,79.0,555.0,0.0,178.0,271.0,17.0,339.0,16.0,24.0,89.0,1256.0,85.0,38.0,453.0
2020-09-09,6094.0,1342.0,7.0,144.0,30.0,21.0,396.0,77.0,0.0,429.0,24.0,112.0,765.0,0.0,167.0,248.0,24.0,340.0,10.0,22.0,176.0,1235.0,80.0,34.0,498.0
2020-09-10,5530.0,1158.0,1.0,97.0,71.0,52.0,568.0,146.0,3.0,228.0,23.0,148.0,741.0,1.0,182.0,293.0,15.0,401.0,11.0,11.0,144.0,1085.0,87.0,25.0,442.0
2020-09-11,5944.0,1230.0,7.0,134.0,121.0,47.0,609.0,128.0,0.0,254.0,46.0,139.0,815.0,0.0,224.0,202.0,16.0,343.0,12.0,23.0,147.0,1334.0,116.0,45.0,383.0
2020-09-12,4721.0,894.0,4.0,98.0,66.0,14.0,1048.0,115.0,5.0,250.0,20.0,87.0,647.0,0.0,153.0,257.0,15.0,353.0,4.0,4.0,130.0,846.0,83.0,29.0,628.0
2020-09-13,2484.0,781.0,5.0,53.0,17.0,27.0,546.0,58.0,0.0,304.0,59.0,90.0,494.0,0.0,420.0,55.0,12.0,127.0,3.0,3.0,24.0,801.0,79.0,50.0,491.0
2020-09-14,4834.0,982.0,12.0,86.0,58.0,46.0,414.0,98.0,0.0,235.0,26.0,105.0,520.0,0.0,241.0,217.0,9.0,376.0,8.0,59.0,62.0,1023.0,68.0,55.0,600.0
2020-09-15,5314.0,1030.0,7.0,119.0,100.0,39.0,441.0,125.0,0.0,158.0,30.0,112.0,667.0,0.0,257.0,270.0,10.0,307.0,4.0,51.0,112.0,1356.0,57.0,41.0,374.0
2020-09-16,5277.0,953.0,20.0,112.0,53.0,48.0,614.0,120.0,1.0,294.0,28.0,81.0,670.0,2.0,201.0,254.0,21.0,307.0,19.0,35.0,108.0,1450.0,70.0,33.0,564.0
2020-09-17,5524.0,1007.0,7.0,118.0,128.0,41.0,734.0,144.0,0.0,327.0,19.0,71.0,552.0,3.0,193.0,240.0,17.0,407.0,8.0,70.0,125.0,1243.0,143.0,46.0,562.0
2020-09-18,4976.0,876.0,7.0,134.0,111.0,23.0,1371.0,160.0,0.0,294.0,5.0,126.0,734.0,3.0,239.0,206.0,19.0,544.0,6.0,81.0,124.0,1504.0,61.0,67.0,310.0
2020-09-19,3787.0,810.0,3.0,78.0,111.0,48.0,1043.0,38.0,0.0,192.0,13.0,111.0,574.0,0.0,293.0,225.0,11.0,240.0,12.0,56.0,83.0,1068.0,66.0,51.0,733.0
2020-09-20,1872.0,578.0,1.0,78.0,39.0,15.0,680.0,117.0,0.0,80.0,27.0,72.0,494.0,0.0,199.0,64.0,11.0,118.0,48.0,71.0,78.0,716.0,49.0,41.0,326.0
2020-09-21,3930.0,723.0,2.0,88.0,79.0,29.0,1239.0,67.0,9.0,140.0,24.0,57.0,377.0,4.0,299.0,168.0,14.0,299.0,4.0,61.0,89.0,1110.0,78.0,54.0,721.0
2020-09-22,4420.0,922.0,4.0,113.0,105.0,13.0,1043.0,106.0,2.0,190.0,19.0,91.0,489.0,3.0,237.0,254.0,15.0,370.0,19.0,78.0,72.0,1490.0,118.0,50.0,396.0
2020-09-23,4896.0,933.0,2.0,107.0,83.0,16.0,1834.0,82.0,0.0,214.0,12.0,76.0,583.0,0.0,310.0,224.0,18.0,313.0,11.0,81.0,119.0,1418.0,125.0,38.0,726.0
2020-09-24,4888.0,823.0,11.0,97.0,172.0,17.0,1549.0,117.0,0.0,149.0,25.0,87.0,825.0,0.0,288.0,215.0,23.0,300.0,11.0,88.0,96.0,1680.0,217.0,63.0,479.0
2020-09-25,4872.0,870.0,36.0,128.0,168.0,16.0,1685.0,111.0,0.0,240.0,15.0,103.0,586.0,1.0,328.0,237.0,21.0,332.0,55.0,96.0,129.0,1536.0,140.0,57.0,743.0
2020-09-26,3853.0,681.0,10.0,139.0,109.0,46.0,1293.0,89.0,0.0,73.0,13.0,100.0,548.0,1.0,273.0,265.0,10.0,276.0,9.0,29.0,123.0,1190.0,94.0,48.0,657.0
2020-09-27,1975.0,593.0,24.0,59.0,64.0,10.0,956.0,65.0,0.0,62.0,10.0,77.0,437.0,1.0,238.0,69.0,6.0,89.0,88.0,60.0,88.0,817.0,63.0,143.0,640.0
2020-09-28,4167.0,836.0,1.0,134.0,168.0,30.0,1870.0,81.0,0.0,72.0,25.0,48.0,583.0,6.0,271.0,293.0,13.0,211.0,1.0,95.0,125.0,1626.0,88.0,173.0,753.0
2020-09-29,5385.0,980.0,6.0,171.0,146.0,32.0,1794.0,137.0,1.0,190.0,28.0,132.0,724.0,9.0,385.0,345.0,15.0,350.0,47.0,139.0,131.0,1801.0,119.0,241.0,761.0
2020-09-30,4497.0,940.0,6.0,194.0,127.0,41.0,2000.0,129.0,2.0,137.0,21.0,69.0,944.0,5.0,291.0,272.0,18.0,254.0,83.0,171.0,131.0,1748.0,201.0,189.0,887.0
2020-10-01,4667.0,949.0,8.0,183.0,188.0,45.0,1620.0,151.0,5.0,169.0,22.0,114.0,804.0,6.0,346.0,266.0,18.0,267.0,100.0,64.0,105.0,1670.0,112.0,158.0,920.0
2020-10-02,4630.0,918.0,5.0,132.0,305.0,44.0,1829.0,134.0,1.0,128.0,17.0,79.0,536.0,4.0,317.0,336.0,22.0,239.0,43.0,176.0,117.0,1727.0,115.0,170.0,1497.0
2020-10-03,3685.0,668.0,4.0,194.0,128.0,97.0,1425.0,131.0,5.0,48.0,25.0,97.0,496.0,0.0,314.0,292.0,8.0,178.0,26.0,38.0,139.0,1219.0,178.0,163.0,880.0
2020-10-04,1628.0,443.0,14.0,92.0,113.0,16.0,787.0,87.0,2.0,33.0,25.0,53.0,219.0,0.0,276.0,85.0,7.0,205.0,24.0,72.0,74.0,612.0,98.0,123.0,774.0
2020-10-05,3929.0,828.0,7.0,133.0,229.0,58.0,1608.0,105.0,1.0,98.0,21.0,42.0,634.0,8.0,374.0,286.0,8.0,181.0,21.0,87.0,57.0,1478.0,81.0,196.0,892.0
2020-10-06,4467.0,874.0,6.0,185.0,292.0,43.0,2097.0,159.0,0.0,95.0,33.0,151.0,653.0,6.0,424.0,323.0,18.0,197.0,32.0,65.0,173.0,1720.0,146.0,194.0,1044.0
2020-10-07,4213.0,859.0,23.0,185.0,351.0,52.0,2302.0,171.0,1.0,75.0,19.0,111.0,695.0,10.0,379.0,302.0,15.0,195.0,37.0,143.0,135.0,1427.0,244.0,194.0,2422.0
2020-10-08,4482.0,835.0,7.0,181.0,297.0,51.0,2061.0,182.0,3.0,92.0,44.0,103.0,940.0,6.0,343.0,363.0,8.0,297.0,44.0,142.0,105.0,1666.0,134.0,202.0,1830.0
2020-10-09,4481.0,885.0,5.0,174.0,280.0,64.0,2179.0,201.0,0.0,116.0,42.0,127.0,928.0,6.0,491.0,411.0,16.0,211.0,47.0,110.0,168.0,1938.0,268.0,117.0,1265.0
2020-10-10,3601.0,624.0,4.0,219.0,182.0,56.0,1608.0,177.0,1.0,62.0,53.0,117.0,636.0,5.0,371.0,420.0,8.0,120.0,39.0,111.0,120.0,1201.0,309.0,221.0,1159.0
2020-10-11,1711.0,535.0,14.0,117.0,122.0,67.0,852.0,160.0,3.0,34.0,52.0,68.0,344.0,3.0,245.0,76.0,6.0,75.0,67.0,250.0,54.0,751.0,167.0,205.0,1046.0
2020-10-12,2394.0,581.0,4.0,133.0,234.0,62.0,1118.0,127.0,1.0,35.0,42.0,46.0,451.0,12.0,293.0,278.0,6.0,100.0,11.0,86.0,76.0,967.0,63.0,72.0,967.0
2020-10-13,4037.0,718.0,9.0,205.0,428.0,53.0,1921.0,209.0,0.0,65.0,55.0,120.0,854.0,16.0,447.0,319.0,18.0,167.0,50.0,128.0,185.0,1767.0,175.0,241.0,1047.0
2020-10-14,4723.0,837.0,20.0,229.0,253.0,61.0,2294.0,234.0,0.0,93.0,96.0,88.0,911.0,5.0,560.0,363.0,6.0,203.0,80.0,452.0,171.0,2184.0,291.0,248.0,1385.0
2020-10-15,4448.0,849.0,7.0,187.0,265.0,61.0,2576.0,250.0,0.0,84.0,87.0,122.0,1012.0,8.0,515.0,535.0,14.0,209.0,125.0,115.0,173.0,2130.0,268.0,235.0,1529.0
2020-10-16,4704.0,816.0,33.0,182.0,331.0,99.0,2426.0,338.0,0.0,49.0,124.0,104.0,1000.0,3.0,421.0,424.0,7.0,238.0,111.0,345.0,136.0,2151.0,295.0,208.0,1504.0
2020-10-17,3688.0,612.0,16.0,326.0,257.0,34.0,1573.0,272.0,0.0,48.0,100.0,112.0,513.0,0.0,315.0,346.0,5.0,166.0,184.0,301.0,178.0,1437.0,259.0,194.0,1072.0
2020-10-18,1482.0,387.0,12.0,102.0,74.0,29.0,897.0,136.0,2.0,44.0,90.0,46.0,291.0,2.0,178.0,87.0,5.0,50.0,86.0,209.0,37.0,893.0,99.0,178.0,802.0
2020-10-19,3607.0,597.0,11.0,206.0,429.0,42.0,1679.0,235.0,0.0,51.0,129.0,87.0,975.0,0.0,435.0,266.0,10.0,185.0,205.0,509.0,147.0,1729.0,91.0,191.0,1476.0
2020-10-20,3843.0,647.0,23.0,285.0,241.0,58.0,2115.0,357.0,0.0,57.0,111.0,97.0,1121.0,12.0,418.0,395.0,7.0,169.0,200.0,435.0,163.0,1627.0,195.0,138.0,1532.0
2020-10-21,3927.0,615.0,16.0,237.0,340.0,94.0,1879.0,300.0,0.0,86.0,97.0,48.0,892.0,12.0,474.0,443.0,5.0,232.0,320.0,431.0,212.0,1905.0,268.0,226.0,1446.0
2020-10-22,3612.0,553.0,25.0,198.0,316.0,72.0,2174.0,328.0,0.0,51.0,143.0,117.0,781.0,1.0,534.0,370.0,11.0,248.0,206.0,219.0,154.0,1792.0,264.0,180.0,1091.0
2020-10-23,3352.0,521.0,26.0,184.0,259.0,147.0,1914.0,309.0,2.0,40.0,128.0,83.0,942.0,5.0,464.0,411.0,5.0,201.0,173.0,362.0,165.0,1861.0,337.0,197.0,1115.0
2020-10-24,3108.0,460.0,28.0,152.0,175.0,79.0,1325.0,239.0,0.0,29.0,95.0,86.0,422.0,5.0,289.0,208.0,13.0,90.0,139.0,271.0,145.0,1314.0,279.0,190.0,809.0
2020-10-25,1350.0,318.0,17.0,97.0,120.0,33.0,904.0,229.0,2.0,24.0,89.0,52.0,335.0,1.0,195.0,99.0,4.0,95.0,20.0,203.0,75.0,645.0,169.0,160.0,466.0
2020-10-26,2890.0,457.0,53.0,164.0,307.0,113.0,1617.0,243.0,2.0,54.0,105.0,56.0,765.0,25.0,444.0,360.0,6.0,96.0,283.0,428.0,140.0,1707.0,123.0,183.0,932.0
2020-10-27,3164.0,520.0,29.0,204.0,233.0,117.0,1969.0,279.0,4.0,37.0,171.0,83.0,659.0,0.0,351.0,299.0,14.0,112.0,227.0,292.0,222.0,1301.0,296.0,205.0,1311.0
2020-10-28,3300.0,481.0,18.0,143.0,215.0,91.0,1410.0,301.0,0.0,32.0,204.0,58.0,825.0,7.0,505.0,405.0,4.0,151.0,266.0,308.0,208.0,1422.0,300.0,169.0,928.0
2020-10-29,3116.0,460.0,97.0,159.0,198.0,97.0,1258.0,268.0,0.0,30.0,170.0,55.0,821.0,4.0,376.0,300.0,8.0,111.0,192.0,349.0,198.0,1389.0,201.0,226.0,938.0
2020-10-30,2727.0,431.0,107.0,176.0,207.0,91.0,1526.0,309.0,1.0,19.0,130.0,63.0,731.0,10.0,427.0,311.0,8.0,173.0,218.0,399.0,194.0,1445.0,267.0,177.0,811.0
2020-10-31,2130.0,287.0,40.0,148.0,159.0,58.0,797.0,167.0,0.0,34.0,63.0,47.0,330.0,6.0,282.0,202.0,7.0,102.0,147.0,193.0,196.0,926.0,161.0,160.0,645.0
2020-11-01,1100.0,256.0,26.0,69.0,66.0,25.0,471.0,92.0,5.0,14.0,120.0,30.0,158.0,9.0,165.0,80.0,2.0,35.0,185.0,309.0,79.0,572.0,73.0,118.0,331.0
2020-11-02,2336.0,400.0,112.0,123.0,305.0,87.0,1217.0,155.0,1.0,19.0,73.0,26.0,585.0,13.0,353.0,256.0,7.0,72.0,263.0,537.0,187.0,1002.0,69.0,147.0,490.0
2020-11-03,2750.0,445.0,28.0,107.0,202.0,112.0,1552.0,235.0,2.0,19.0,148.0,52.0,461.0,1.0,318.0,309.0,4.0,91.0,229.0,286.0,157.0,1131.0,215.0,144.0,658.0
2020-11-04,2514.0,377.0,29.0,144.0,271.0,112.0,1317.0,303.0,1.0,13.0,94.0,39.0,605.0,0.0,335.0,293.0,9.0,80.0,235.0,336.0,240.0,1172.0,310.0,150.0,736.0
2020-11-05,2601.0,564.0,10.0,124.0,302.0,137.0,1555.0,270.0,0.0,25.0,127.0,31.0,572.0,21.0,277.0,312.0,1.0,93.0,180.0,457.0,197.0,1204.0,214.0,287.0,737.0
2020-11-06,2461.0,413.0,31.0,166.0,306.0,141.0,1309.0,270.0,0.0,16.0,121.0,30.0,536.0,14.0,500.0,274.0,10.0,95.0,186.0,274.0,218.0,1242.0,230.0,200.0,748.0
2020-11-07,1872.0,337.0,21.0,136.0,161.0,97.0,658.0,143.0,0.0,31.0,94.0,42.0,289.0,9.0,221.0,218.0,6.0,51.0,79.0,341.0,267.0,739.0,256.0,202.0,423.0
2020-11-08,950.0,274.0,43.0,87.0,56.0,57.0,498.0,120.0,0.0,11.0,52.0,10.0,136.0,1.0,141.0,47.0,3.0,13.0,22.0,283.0,54.0,452.0,105.0,109.0,300.0
2020-11-09,2225.0,419.0,54.0,139.0,292.0,148.0,1087.0,170.0,0.0,31.0,106.0,15.0,455.0,16.0,289.0,282.0,6.0,96.0,241.0,356.0,227.0,1116.0,142.0,182.0,557.0
2020-11-10,2700.0,473.0,38.0,252.0,270.0,288.0,1078.0,320.0,1.0,23.0,92.0,46.0,410.0,12.0,269.0,301.0,11.0,125.0,182.0,311.0,212.0,1248.0,318.0,129.0,684.0
2020-11-11,2574.0,484.0,25.0,217.0,286.0,234.0,1352.0,241.0,0.0,24.0,88.0,31.0,436.0,1.0,223.0,201.0,10.0,98.0,170.0,305.0,190.0,1346.0,423.0,192.0,578.0
2020-11-12,2411.0,411.0,39.0,264.0,236.0,100.0,1408.0,256.0,1.0,32.0,95.0,33.0,280.0,8.0,241.0,205.0,6.0,119.0,157.0,248.0,256.0,1313.0,257.0,218.0,652.0
2020-11-13,2458.0,408.0,49.0,253.0,238.0,349.0,1285.0,244.0,0.0,10.0,76.0,22.0,345.0,4.0,194.0,206.0,8.0,69.0,184.0,193.0,184.0,1226.0,307.0,102.0,726.0
2020-11-14,1775.0,374.0,44.0,167.0,106.0,38.0,599.0,193.0,0.0,16.0,65.0,35.0,158.0,4.0,172.0,141.0,5.0,57.0,85.0,155.0,137.0,900.0,287.0,78.0,456.0
2020-11-15,683.0,221.0,35.0,105.0,31.0,33.0,380.0,95.0,0.0,20.0,52.0,19.0,63.0,3.0,128.0,25.0,4.0,8.0,26.0,172.0,103.0,519.0,237.0,79.0,271.0
2020-11-16,2026.0,358.0,13.0,281.0,296.0,237.0,1246.0,170.0,0.0,20.0,60.0,12.0,321.0,18.0,210.0,160.0,3.0,62.0,171.0,133.0,252.0,1121.0,104.0,110.0,622.0
2020-11-17,2087.0,312.0,21.0,272.0,232.0,70.0,1210.0,281.0,1.0,15.0,75.0,38.0,286.0,5.0,225.0,187.0,8.0,62.0,106.0,148.0,267.0,1274.0,319.0,156.0,511.0
2020-11-18,2144.0,466.0,38.0,369.0,256.0,59.0,1029.0,248.0,2.0,13.0,86.0,32.0,269.0,6.0,133.0,183.0,10.0,54.0,147.0,132.0,250.0,1369.0,335.0,116.0,560.0
2020-11-19,1983.0,338.0,15.0,302.0,182.0,270.0,967.0,223.0,0.0,33.0,60.0,23.0,229.0,16.0,183.0,150.0,5.0,101.0,179.0,162.0,276.0,1199.0,229.0,98.0,414.0
2020-11-20,1871.0,366.0,23.0,187.0,234.0,213.0,963.0,238.0,1.0,5.0,78.0,26.0,240.0,8.0,171.0,193.0,6.0,63.0,118.0,117.0,208.0,1285.0,294.0,101.0,431.0
2020-11-21,1362.0,314.0,31.0,134.0,114.0,45.0,491.0,208.0,0.0,8.0,77.0,10.0,142.0,1.0,107.0,105.0,4.0,39.0,20.0,80.0,173.0,734.0,213.0,120.0,269.0
2020-11-22,601.0,194.0,13.0,131.0,38.0,139.0,209.0,38.0,0.0,2.0,34.0,21.0,53.0,8.0,92.0,30.0,4.0,3.0,50.0,66.0,99.0,607.0,74.0,87.0,204.0
2020-11-23,982.0,190.0,13.0,160.0,89.0,128.0,333.0,97.0,8.0,2.0,53.0,7.0,79.0,12.0,127.0,97.0,1.0,17.0,45.0,23.0,170.0,604.0,59.0,68.0,163.0
2020-11-24,1656.0,301.0,23.0,235.0,226.0,253.0,857.0,211.0,2.0,10.0,87.0,16.0,258.0,6.0,154.0,220.0,4.0,58.0,227.0,135.0,282.0,1033.0,143.0,112.0,279.0
2020-11-25,1915.0,345.0,28.0,252.0,199.0,111.0,843.0,203.0,0.0,7.0,97.0,10.0,182.0,13.0,150.0,233.0,8.0,50.0,146.0,144.0,289.0,1221.0,119.0,86.0,396.0
2020-11-26,1838.0,387.0,21.0,225.0,187.0,240.0,819.0,294.0,0.0,3.0,76.0,23.0,185.0,5.0,125.0,172.0,6.0,43.0,100.0,104.0,218.0,1160.0,272.0,106.0,333.0
2020-11-27,1525.0,336.0,40.0,205.0,260.0,427.0,798.0,271.0,0.0,2.0,112.0,29.0,175.0,10.0,113.0,123.0,5.0,34.0,167.0,104.0,216.0,1001.0,204.0,69.0,406.0
2020-11-28,1193.0,322.0,12.0,218.0,97.0,431.0,491.0,170.0,0.0,12.0,79.0,16.0,70.0,1.0,127.0,128.0,2.0,19.0,23.0,46.0,195.0,747.0,140.0,64.0,185.0
2020-11-29,415.0,215.0,16.0,111.0,45.0,325.0,205.0,22.0,4.0,2.0,42.0,18.0,36.0,1.0,78.0,33.0,1.0,8.0,45.0,52.0,92.0,521.0,35.0,50.0,139.0
2020-11-30,1456.0,362.0,11.0,193.0,243.0,238.0,616.0,184.0,1.0,1.0,86.0,6.0,156.0,15.0,145.0,167.0,6.0,28.0,147.0,93.0,230.0,880.0,21.0,110.0,320.0
2020-12-01,1626.0,308.0,11.0,197.0,196.0,284.0,792.0,261.0,2.0,2.0,98.0,21.0,146.0,9.0,150.0,161.0,11.0,32.0,169.0,75.0,227.0,1080.0,33.0,91.0,279.0
2020-12-02,1512.0,319.0,19.0,314.0,188.0,130.0,543.0,201.0,1.0,3.0,123.0,19.0,168.0,7.0,163.0,182.0,5.0,45.0,117.0,71.0,193.0,1045.0,51.0,40.0,245.0
2020-12-03,1420.0,309.0,19.0,206.0,191.0,305.0,616.0,206.0,3.0,1.0,67.0,17.0,116.0,6.0,147.0,140.0,2.0,40.0,130.0,51.0,248.0,993.0,15.0,75.0,240.0
2020-12-04,1396.0,345.0,16.0,290.0,263.0,126.0,479.0,190.0,0.0,3.0,73.0,15.0,137.0,18.0,153.0,168.0,4.0,34.0,145.0,51.0,206.0,821.0,30.0,61.0,184.0
2020-12-05,1038.0,255.0,37.0,164.0,98.0,75.0,388.0,190.0,0.0,0.0,27.0,12.0,77.0,7.0,102.0,145.0,5.0,10.0,36.0,24.0,189.0,699.0,50.0,54.0,142.0
2020-12-06,436.0,190.0,35.0,78.0,23.0,105.0,82.0,32.0,1.0,2.0,72.0,15.0,34.0,1.0,63.0,35.0,3.0,4.0,26.0,23.0,79.0,370.0,53.0,71.0,92.0
2020-12-07,870.0,229.0,10.0,102.0,96.0,259.0,284.0,122.0,2.0,7.0,58.0,5.0,37.0,5.0,99.0,86.0,0.0,15.0,41.0,47.0,196.0,570.0,33.0,88.0,101.0
2020-12-08,672.0,271.0,4.0,146.0,82.0,73.0,106.0,35.0,1.0,2.0,62.0,10.0,39.0,20.0,72.0,30.0,6.0,2.0,37.0,48.0,176.0,421.0,48.0,42.0,84.0
2020-12-09,1433.0,434.0,28.0,157.0,304.0,224.0,602.0,203.0,2.0,4.0,129.0,6.0,126.0,17.0,146.0,231.0,2.0,26.0,201.0,52.0,283.0,869.0,23.0,130.0,223.0
2020-12-10,1694.0,416.0,27.0,168.0,171.0,304.0,518.0,244.0,0.0,7.0,138.0,6.0,141.0,10.0,161.0,181.0,6.0,19.0,134.0,51.0,269.0,860.0,23.0,146.0,188.0
2020-12-11,1796.0,425.0,30.0,167.0,253.0,167.0,452.0,211.0,2.0,9.0,121.0,6.0,122.0,31.0,140.0,161.0,2.0,13.0,112.0,24.0,243.0,939.0,53.0,183.0,187.0
2020-12-12,1327.0,299.0,24.0,164.0,123.0,180.0,328.0,172.0,1.0,4.0,75.0,19.0,75.0,18.0,134.0,144.0,6.0,13.0,48.0,33.0,201.0,528.0,47.0,74.0,145.0
2020-12-13,559.0,297.0,33.0,90.0,49.0,31.0,89.0,34.0,0.0,0.0,152.0,3.0,11.0,12.0,91.0,38.0,1.0,26.0,17.0,29.0,105.0,462.0,22.0,157.0,74.0
2020-12-14,1835.0,478.0,15.0,156.0,310.0,223.0,431.0,211.0,0.0,2.0,195.0,3.0,126.0,26.0,159.0,167.0,12.0,32.0,169.0,65.0,280.0,685.0,22.0,170.0,206.0
2020-12-15,2160.0,484.0,23.0,171.0,196.0,76.0,526.0,241.0,0.0,2.0,172.0,7.0,88.0,37.0,153.0,181.0,7.0,42.0,139.0,50.0,289.0,1005.0,27.0,54.0,193.0
2020-12-16,2036.0,468.0,28.0,180.0,314.0,183.0,364.0,193.0,3.0,4.0,208.0,4.0,86.0,9.0,175.0,220.0,6.0,28.0,118.0,36.0,270.0,893.0,73.0,53.0,213.0
2020-12-17,2154.0,624.0,29.0,178.0,254.0,210.0,474.0,229.0,1.0,7.0,256.0,6.0,103.0,79.0,186.0,198.0,6.0,34.0,107.0,36.0,273.0,893.0,28.0,83.0,179.0
2020-12-18,2176.0,669.0,35.0,128.0,339.0,121.0,333.0,211.0,0.0,4.0,204.0,4.0,94.0,14.0,199.0,181.0,8.0,68.0,76.0,40.0,267.0,880.0,36.0,138.0,175.0
2020-12-19,1981.0,521.0,33.0,170.0,112.0,80.0,327.0,169.0,1.0,1.0,143.0,4.0,41.0,16.0,190.0,132.0,4.0,45.0,28.0,44.0,218.0,555.0,51.0,59.0,86.0
2020-12-20,941.0,438.0,22.0,106.0,42.0,66.0,85.0,30.0,6.0,0.0,149.0,5.0,22.0,12.0,111.0,56.0,4.0,2.0,20.0,26.0,92.0,341.0,22.0,18.0,79.0
2020-12-21,2379.0,743.0,25.0,180.0,394.0,251.0,543.0,237.0,0.0,6.0,235.0,5.0,117.0,23.0,202.0,237.0,9.0,33.0,178.0,63.0,371.0,811.0,35.0,84.0,150.0
2020-12-22,2978.0,785.0,27.0,201.0,400.0,127.0,561.0,213.0,3.0,4.0,257.0,12.0,96.0,4.0,244.0,319.0,7.0,62.0,106.0,36.0,293.0,1000.0,34.0,60.0,127.0
2020-12-23,3317.0,909.0,79.0,216.0,375.0,86.0,598.0,222.0,0.0,3.0,278.0,9.0,155.0,5.0,252.0,216.0,7.0,49.0,118.0,62.0,305.0,994.0,70.0,66.0,186.0
2020-12-24,1992.0,542.0,31.0,132.0,121.0,36.0,174.0,245.0,1.0,5.0,219.0,8.0,58.0,7.0,174.0,237.0,7.0,42.0,28.0,48.0,106.0,649.0,77.0,49.0,88.0
2020-12-25,574.0,275.0,1.0,22.0,24.0,6.0,70.0,8.0,1.0,2.0,131.0,0.0,18.0,45.0,103.0,46.0,1.0,0.0,6.0,22.0,58.0,122.0,15.0,15.0,23.0
2020-12-26,2113.0,850.0,51.0,99.0,146.0,286.0,312.0,211.0,1.0,4.0,257.0,9.0,64.0,40.0,193.0,217.0,11.0,35.0,34.0,57.0,304.0,470.0,26.0,91.0,113.0
2020-12-27,1404.0,658.0,59.0,64.0,55.0,132.0,138.0,49.0,0.0,2.0,162.0,3.0,42.0,17.0,95.0,87.0,6.0,3.0,27.0,59.0,136.0,439.0,48.0,57.0,78.0
2020-12-28,3639.0,1075.0,110.0,284.0,638.0,307.0,718.0,318.0,3.0,17.0,241.0,3.0,141.0,5.0,355.0,282.0,18.0,25.0,251.0,92.0,457.0,915.0,61.0,115.0,171.0
2020-12-29,4460.0,1340.0,76.0,250.0,496.0,356.0,703.0,340.0,0.0,19.0,416.0,8.0,171.0,32.0,406.0,318.0,12.0,43.0,166.0,88.0,475.0,1177.0,123.0,109.0,146.0
2020-12-30,4422.0,1402.0,144.0,260.0,613.0,298.0,784.0,358.0,2.0,19.0,320.0,9.0,211.0,33.0,410.0,317.0,9.0,70.0,143.0,79.0,548.0,1283.0,120.0,110.0,195.0
2020-12-31,3243.0,1002.0,67.0,167.0,257.0,47.0,326.0,396.0,5.0,5.0,228.0,16.0,93.0,3.0,344.0,227.0,4.0,22.0,52.0,97.0,173.0,903.0,95.0,110.0,99.0
2021-01-01,982.0,334.0,11.0,102.0,26.0,47.0,74.0,55.0,0.0,0.0,163.0,8.0,15.0,1.0,123.0,79.0,4.0,1.0,5.0,9.0,41.0,152.0,47.0,15.0,54.0
2021-01-02,2345.0,866.0,74.0,155.0,213.0,146.0,443.0,331.0,3.0,4.0,202.0,4.0,79.0,40.0,278.0,161.0,8.0,18.0,39.0,42.0,368.0,680.0,58.0,174.0,158.0
2021-01-03,1459.0,892.0,56.0,97.0,49.0,128.0,194.0,83.0,0.0,2.0,234.0,0.0,36.0,3.0,123.0,67.0,5.0,9.0,19.0,42.0,154.0,400.0,88.0,32.0,113.0
2021-01-04,4210.0,1496.0,62.0,312.0,533.0,328.0,919.0,484.0,2.0,17.0,288.0,6.0,134.0,40.0,496.0,321.0,11.0,33.0,249.0,100.0,479.0,1121.0,121.0,159.0,235.0
2021-01-05,4648.0,1619.0,68.0,292.0,305.0,259.0,914.0,435.0,3.0,26.0,375.0,11.0,164.0,4.0,458.0,297.0,17.0,44.0,137.0,84.0,510.0,1372.0,178.0,108.0,267.0
2021-01-06,4706.0,1550.0,77.0,346.0,446.0,288.0,1090.0,542.0,9.0,20.0,319.0,11.0,169.0,9.0,354.0,348.0,22.0,67.0,115.0,94.0,474.0,1395.0,146.0,111.0,233.0
2021-01-07,4483.0,1567.0,103.0,316.0,304.0,237.0,943.0,513.0,4.0,25.0,372.0,14.0,123.0,4.0,419.0,287.0,19.0,36.0,118.0,80.0,376.0,1265.0,191.0,121.0,223.0
2021-01-08,4706.0,1489.0,132.0,252.0,369.0,402.0,767.0,539.0,4.0,19.0,352.0,17.0,143.0,8.0,540.0,278.0,17.0,77.0,127.0,80.0,358.0,1361.0,172.0,86.0,254.0
2021-01-09,3665.0,1178.0,104.0,252.0,118.0,133.0,480.0,335.0,17.0,7.0,158.0,14.0,121.0,197.0,340.0,243.0,13.0,26.0,40.0,100.0,369.0,710.0,138.0,106.0,176.0
2021-01-10,1611.0,752.0,68.0,122.0,115.0,140.0,119.0,79.0,30.0,3.0,119.0,10.0,19.0,60.0,170.0,55.0,4.0,4.0,19.0,70.0,232.0,478.0,78.0,37.0,114.0
2021-01-11,4371.0,1268.0,82.0,282.0,458.0,223.0,798.0,477.0,22.0,33.0,264.0,11.0,160.0,25.0,383.0,265.0,12.0,70.0,150.0,91.0,339.0,1264.0,87.0,155.0,232.0
2021-01-12,4248.0,1208.0,69.0,263.0,203.0,218.0,882.0,533.0,79.0,14.0,240.0,12.0,175.0,52.0,413.0,286.0,13.0,54.0,90.0,87.0,314.0,1236.0,202.0,92.0,179.0
2021-01-13,4533.0,1423.0,57.0,244.0,405.0,422.0,771.0,492.0,60.0,33.0,188.0,13.0,182.0,105.0,388.0,279.0,17.0,50.0,100.0,99.0,287.0,1339.0,167.0,86.0,228.0
2021-01-14,4149.0,1217.0,103.0,280.0,254.0,368.0,539.0,359.0,79.0,29.0,219.0,9.0,133.0,138.0,367.0,317.0,17.0,71.0,76.0,89.0,245.0,1170.0,100.0,78.0,187.0
2021-01-15,3848.0,1233.0,72.0,213.0,291.0,194.0,631.0,402.0,23.0,16.0,157.0,12.0,146.0,105.0,353.0,278.0,13.0,70.0,75.0,79.0,302.0,1285.0,113.0,58.0,209.0
2021-01-16,2964.0,997.0,125.0,213.0,147.0,167.0,367.0,314.0,80.0,57.0,74.0,16.0,88.0,169.0,232.0,194.0,8.0,55.0,36.0,59.0,274.0,701.0,143.0,86.0,184.0
2021-01-17,1468.0,782.0,49.0,74.0,24.0,120.0,147.0,150.0,34.0,43.0,115.0,17.0,41.0,127.0,171.0,71.0,7.0,3.0,6.0,88.0,201.0,567.0,81.0,19.0,100.0
2021-01-18,4138.0,1342.0,69.0,207.0,323.0,123.0,758.0,312.0,4.0,29.0,141.0,6.0,137.0,236.0,410.0,297.0,9.0,43.0,102.0,130.0,278.0,1136.0,105.0,107.0,176.0
2021-01-19,4244.0,1327.0,73.0,205.0,238.0,186.0,576.0,412.0,18.0,32.0,138.0,16.0,173.0,234.0,376.0,286.0,11.0,90.0,65.0,84.0,250.0,1105.0,172.0,83.0,175.0
2021-01-20,3898.0,1198.0,82.0,245.0,252.0,311.0,495.0,341.0,51.0,50.0,121.0,21.0,149.0,182.0,336.0,258.0,15.0,66.0,72.0,86.0,255.0,1152.0,87.0,69.0,161.0
2021-01-21,3587.0,1199.0,58.0,199.0,226.0,175.0,519.0,336.0,48.0,28.0,122.0,18.0,115.0,161.0,305.0,269.0,16.0,55.0,59.0,84.0,133.0,941.0,90.0,57.0,172.0
2021-01-22,3516.0,1135.0,68.0,162.0,212.0,107.0,562.0,280.0,8.0,21.0,108.0,15.0,145.0,160.0,337.0,253.0,11.0,60.0,62.0,72.0,209.0,893.0,182.0,72.0,160.0
2021-01-23,2647.0,876.0,47.0,138.0,73.0,174.0,277.0,144.0,6.0,23.0,56.0,31.0,89.0,184.0,184.0,150.0,6.0,38.0,24.0,17.0,153.0,516.0,81.0,47.0,63.0
2021-01-24,1272.0,684.0,21.0,34.0,19.0,33.0,132.0,164.0,1.0,15.0,68.0,5.0,23.0,140.0,143.0,47.0,5.0,2.0,2.0,19.0,77.0,287.0,58.0,9.0,57.0
2021-01-25,3475.0,1265.0,105.0,157.0,235.0,240.0,560.0,264.0,3.0,38.0,68.0,17.0,137.0,139.0,326.0,211.0,5.0,62.0,107.0,62.0,185.0,688.0,80.0,77.0,153.0
2021-01-26,3799.0,1216.0,95.0,140.0,167.0,226.0,657.0,244.0,5.0,53.0,99.0,27.0,82.0,185.0,414.0,272.0,12.0,79.0,70.0,52.0,162.0,819.0,98.0,61.0,125.0
2021-01-27,3668.0,1048.0,84.0,158.0,187.0,278.0,626.0,173.0,16.0,43.0,75.0,16.0,124.0,226.0,299.0,206.0,7.0,66.0,62.0,43.0,183.0,789.0,91.0,47.0,180.0
2021-01-28,3413.0,1044.0,119.0,148.0,146.0,302.0,575.0,257.0,3.0,28.0,114.0,14.0,80.0,171.0,302.0,244.0,14.0,42.0,64.0,50.0,152.0,603.0,65.0,53.0,152.0
2021-01-29,3085.0,1049.0,105.0,170.0,152.0,277.0,314.0,243.0,9.0,31.0,73.0,17.0,106.0,236.0,290.0,210.0,10.0,58.0,76.0,64.0,167.0,646.0,114.0,46.0,122.0
2021-01-30,2568.0,916.0,119.0,115.0,81.0,102.0,334.0,132.0,1.0,10.0,37.0,16.0,55.0,146.0,200.0,156.0,6.0,40.0,27.0,28.0,86.0,361.0,88.0,61.0,91.0
2021-01-31,1333.0,787.0,145.0,49.0,17.0,59.0,141.0,54.0,0.0,32.0,45.0,5.0,25.0,134.0,132.0,43.0,3.0,4.0,4.0,40.0,52.0,247.0,91.0,20.0,73.0
2021-02-01,3162.0,1208.0,141.0,144.0,206.0,158.0,473.0,213.0,6.0,29.0,94.0,6.0,121.0,252.0,288.0,193.0,8.0,53.0,101.0,72.0,183.0,574.0,81.0,47.0,124.0
2021-02-02,3413.0,1127.0,138.0,112.0,150.0,195.0,586.0,222.0,6.0,29.0,92.0,22.0,132.0,184.0,312.0,202.0,7.0,86.0,52.0,50.0,173.0,636.0,93.0,23.0,130.0
2021-02-03,3107.0,1038.0,122.0,127.0,152.0,281.0,571.0,119.0,3.0,36.0,103.0,9.0,163.0,285.0,297.0,165.0,12.0,100.0,46.0,83.0,152.0,517.0,67.0,42.0,168.0
2021-02-04,3088.0,983.0,118.0,131.0,117.0,197.0,557.0,174.0,8.0,39.0,82.0,17.0,152.0,181.0,212.0,146.0,11.0,64.0,51.0,72.0,130.0,447.0,81.0,39.0,132.0
2021-02-05,2694.0,862.0,77.0,154.0,127.0,136.0,532.0,197.0,3.0,36.0,99.0,21.0,134.0,128.0,285.0,182.0,2.0,113.0,49.0,51.0,125.0,499.0,80.0,39.0,142.0
2021-02-06,1800.0,657.0,93.0,153.0,49.0,83.0,317.0,121.0,10.0,21.0,67.0,27.0,71.0,173.0,175.0,114.0,8.0,51.0,9.0,72.0,107.0,270.0,90.0,49.0,86.0
2021-02-07,926.0,572.0,101.0,49.0,20.0,42.0,95.0,10.0,3.0,28.0,29.0,12.0,36.0,151.0,114.0,32.0,3.0,3.0,4.0,53.0,65.0,122.0,46.0,5.0,75.0
2021-02-08,2532.0,862.0,81.0,95.0,152.0,236.0,635.0,146.0,5.0,29.0,78.0,7.0,131.0,56.0,209.0,169.0,8.0,81.0,98.0,83.0,122.0,468.0,52.0,34.0,105.0
2021-02-09,2855.0,751.0,60.0,169.0,142.0,219.0,680.0,129.0,6.0,36.0,82.0,25.0,136.0,102.0,260.0,174.0,11.0,127.0,64.0,68.0,121.0,519.0,81.0,47.0,81.0
2021-02-10,2447.0,752.0,100.0,142.0,130.0,176.0,635.0,138.0,4.0,38.0,105.0,14.0,117.0,121.0,222.0,164.0,9.0,91.0,67.0,88.0,118.0,389.0,66.0,40.0,108.0
2021-02-11,2722.0,753.0,118.0,134.0,105.0,207.0,636.0,128.0,22.0,25.0,80.0,29.0,103.0,116.0,181.0,130.0,6.0,82.0,58.0,76.0,90.0,340.0,47.0,47.0,90.0
2021-02-12,2601.0,709.0,74.0,105.0,117.0,205.0,703.0,133.0,38.0,44.0,115.0,37.0,138.0,92.0,191.0,117.0,8.0,112.0,47.0,67.0,93.0,517.0,60.0,43.0,140.0
2021-02-13,1858.0,534.0,41.0,105.0,54.0,153.0,362.0,118.0,10.0,56.0,75.0,26.0,83.0,80.0,139.0,136.0,4.0,42.0,24.0,37.0,71.0,289.0,38.0,27.0,82.0
2021-02-14,921.0,503.0,84.0,48.0,2.0,74.0,108.0,27.0,4.0,27.0,33.0,11.0,33.0,110.0,86.0,16.0,4.0,2.0,5.0,47.0,49.0,133.0,23.0,6.0,56.0
2021-02-15,1461.0,521.0,20.0,77.0,31.0,52.0,302.0,58.0,4.0,16.0,40.0,16.0,65.0,111.0,84.0,96.0,6.0,53.0,11.0,65.0,67.0,205.0,28.0,24.0,83.0
2021-02-16,1172.0,480.0,53.0,68.0,16.0,113.0,257.0,52.0,10.0,45.0,49.0,27.0,44.0,115.0,129.0,43.0,4.0,18.0,35.0,41.0,87.0,167.0,38.0,25.0,77.0
2021-02-17,2648.0,833.0,70.0,92.0,191.0,116.0,837.0,138.0,17.0,48.0,93.0,21.0,170.0,100.0,218.0,140.0,4.0,140.0,113.0,63.0,82.0,434.0,73.0,41.0,122.0
2021-02-18,2873.0,840.0,90.0,169.0,102.0,109.0,833.0,111.0,41.0,46.0,82.0,31.0,158.0,98.0,180.0,126.0,6.0,180.0,66.0,90.0,128.0,400.0,58.0,35.0,137.0
2021-02-19,2752.0,722.0,71.0,182.0,110.0,162.0,723.0,105.0,17.0,88.0,84.0,28.0,150.0,101.0,137.0,95.0,8.0,155.0,63.0,82.0,126.0,484.0,47.0,76.0,133.0
2021-02-20,1839.0,586.0,112.0,126.0,33.0,78.0,458.0,93.0,19.0,63.0,59.0,22.0,59.0,101.0,62.0,95.0,6.0,95.0,14.0,11.0,74.0,252.0,51.0,42.0,109.0
2021-02-21,1037.0,533.0,80.0,68.0,5.0,16.0,136.0,23.0,17.0,45.0,44.0,19.0,35.0,117.0,109.0,18.0,7.0,2.0,5.0,9.0,33.0,200.0,28.0,9.0,101.0
2021-02-22,2529.0,707.0,61.0,147.0,130.0,174.0,827.0,110.0,59.0,85.0,78.0,22.0,145.0,129.0,156.0,96.0,7.0,126.0,106.0,64.0,165.0,398.0,56.0,48.0,138.0
2021-02-23,2582.0,718.0,77.0,123.0,57.0,90.0,752.0,125.0,15.0,107.0,103.0,43.0,129.0,110.0,150.0,124.0,8.0,142.0,54.0,56.0,147.0,440.0,69.0,28.0,137.0
2021-02-24,2548.0,743.0,99.0,144.0,83.0,144.0,703.0,120.0,4.0,101.0,90.0,34.0,149.0,127.0,129.0,103.0,11.0,119.0,41.0,90.0,137.0,391.0,61.0,36.0,164.0
2021-02-25,2509.0,899.0,104.0,159.0,69.0,165.0,765.0,90.0,9.0,90.0,123.0,24.0,146.0,108.0,123.0,88.0,9.0,88.0,32.0,36.0,82.0,329.0,108.0,22.0,146.0
2021-02-26,2402.0,644.0,122.0,99.0,75.0,108.0,642.0,97.0,34.0,98.0,89.0,36.0,125.0,129.0,146.0,102.0,6.0,148.0,41.0,58.0,86.0,442.0,53.0,23.0,123.0
2021-02-27,1757.0,510.0,83.0,108.0,24.0,52.0,390.0,73.0,2.0,93.0,66.0,16.0,67.0,125.0,92.0,67.0,6.0,45.0,5.0,45.0,54.0,215.0,95.0,17.0,112.0
2021-02-28,873.0,409.0,109.0,51.0,14.0,64.0,133.0,13.0,0.0,46.0,49.0,13.0,36.0,64.0,47.0,16.0,2.0,26.0,3.0,50.0,26.0,165.0,29.0,22.0,72.0
2021-03-01,2569.0,727.0,101.0,105.0,120.0,242.0,809.0,83.0,23.0,98.0,118.0,23.0,190.0,169.0,154.0,101.0,15.0,144.0,65.0,83.0,109.0,387.0,46.0,47.0,141.0
2021-03-02,2747.0,691.0,60.0,141.0,78.0,212.0,702.0,127.0,26.0,86.0,98.0,23.0,139.0,91.0,129.0,119.0,8.0,124.0,57.0,51.0,118.0,468.0,57.0,30.0,182.0
2021-03-03,2617.0,737.0,53.0,176.0,102.0,231.0,722.0,96.0,20.0,91.0,105.0,15.0,142.0,117.0,116.0,114.0,8.0,165.0,45.0,75.0,167.0,463.0,77.0,24.0,170.0
2021-03-04,2714.0,715.0,69.0,105.0,64.0,149.0,723.0,102.0,41.0,72.0,113.0,16.0,138.0,139.0,112.0,101.0,10.0,119.0,46.0,54.0,73.0,391.0,76.0,29.0,194.0
2021-03-05,2611.0,827.0,95.0,148.0,84.0,180.0,668.0,88.0,7.0,74.0,100.0,19.0,174.0,110.0,106.0,108.0,8.0,101.0,46.0,57.0,118.0,497.0,71.0,30.0,223.0
2021-03-06,1820.0,607.0,58.0,116.0,39.0,138.0,400.0,79.0,25.0,54.0,33.0,15.0,82.0,104.0,73.0,68.0,5.0,32.0,24.0,33.0,60.0,331.0,32.0,39.0,95.0
2021-03-07,878.0,492.0,55.0,57.0,6.0,197.0,142.0,13.0,18.0,18.0,40.0,7.0,32.0,111.0,43.0,9.0,4.0,11.0,4.0,46.0,29.0,178.0,22.0,5.0,97.0
2021-03-08,2543.0,878.0,76.0,67.0,67.0,212.0,735.0,76.0,23.0,50.0,91.0,14.0,184.0,111.0,121.0,83.0,6.0,144.0,65.0,49.0,102.0,434.0,53.0,29.0,192.0
2021-03-09,2687.0,896.0,87.0,125.0,80.0,298.0,625.0,102.0,17.0,77.0,118.0,22.0,178.0,125.0,111.0,82.0,7.0,144.0,53.0,41.0,82.0,461.0,60.0,21.0,185.0
2021-03-10,2900.0,804.0,75.0,113.0,60.0,332.0,720.0,82.0,10.0,85.0,94.0,30.0,224.0,114.0,109.0,91.0,7.0,148.0,38.0,32.0,182.0,602.0,67.0,35.0,274.0
2021-03-11,2745.0,835.0,99.0,129.0,77.0,388.0,729.0,81.0,51.0,57.0,78.0,35.0,158.0,127.0,96.0,77.0,5.0,78.0,69.0,23.0,124.0,477.0,84.0,15.0,245.0
2021-03-12,2901.0,896.0,109.0,129.0,71.0,148.0,756.0,95.0,25.0,67.0,83.0,21.0,170.0,134.0,77.0,59.0,5.0,158.0,56.0,23.0,142.0,529.0,74.0,42.0,270.0
2021-03-13,2094.0,703.0,57.0,106.0,34.0,120.0,393.0,62.0,15.0,66.0,46.0,27.0,83.0,122.0,77.0,50.0,11.0,66.0,17.0,27.0,81.0,297.0,62.0,23.0,163.0
2021-03-14,937.0,660.0,84.0,59.0,4.0,34.0,146.0,12.0,62.0,22.0,42.0,11.0,68.0,115.0,31.0,11.0,7.0,7.0,7.0,26.0,38.0,170.0,50.0,7.0,173.0
2021-03-15,3053.0,905.0,126.0,127.0,84.0,137.0,765.0,93.0,13.0,33.0,94.0,15.0,164.0,117.0,86.0,66.0,6.0,148.0,125.0,24.0,144.0,494.0,71.0,24.0,265.0
2021-03-16,3089.0,925.0,108.0,111.0,77.0,180.0,744.0,123.0,42.0,57.0,78.0,23.0,194.0,147.0,106.0,90.0,10.0,122.0,83.0,25.0,159.0,638.0,109.0,39.0,306.0
2021-03-17,3046.0,874.0,114.0,185.0,89.0,232.0,692.0,109.0,17.0,70.0,92.0,36.0,159.0,122.0,85.0,85.0,12.0,123.0,64.0,41.0,106.0,467.0,108.0,39.0,400.0
2021-03-18,2963.0,890.0,100.0,131.0,46.0,181.0,723.0,98.0,4.0,43.0,77.0,21.0,169.0,141.0,104.0,64.0,8.0,142.0,54.0,31.0,88.0,542.0,111.0,36.0,332.0
2021-03-19,3251.0,946.0,82.0,169.0,60.0,231.0,674.0,113.0,22.0,54.0,55.0,36.0,206.0,88.0,97.0,67.0,11.0,128.0,81.0,44.0,108.0,514.0,107.0,45.0,297.0
2021-03-20,2424.0,694.0,59.0,153.0,26.0,96.0,453.0,134.0,8.0,42.0,52.0,18.0,116.0,110.0,63.0,50.0,4.0,45.0,29.0,27.0,54.0,309.0,71.0,32.0,274.0
2021-03-21,1030.0,686.0,56.0,53.0,10.0,41.0,168.0,12.0,11.0,23.0,33.0,13.0,32.0,99.0,47.0,16.0,3.0,16.0,6.0,29.0,51.0,192.0,53.0,15.0,201.0
2021-03-22,3738.0,1143.0,95.0,130.0,106.0,250.0,974.0,119.0,32.0,35.0,83.0,27.0,224.0,110.0,85.0,86.0,9.0,147.0,120.0,39.0,122.0,653.0,56.0,43.0,400.0
2021-03-23,4276.0,1213.0,64.0,187.0,97.0,147.0,946.0,97.0,27.0,50.0,114.0,21.0,278.0,150.0,98.0,103.0,9.0,123.0,108.0,49.0,148.0,747.0,106.0,45.0,371.0
2021-03-24,2613.0,1271.0,61.0,151.0,24.0,264.0,454.0,92.0,57.0,39.0,55.0,36.0,103.0,138.0,68.0,18.0,8.0,35.0,7.0,45.0,82.0,335.0,117.0,58.0,306.0
2021-03-25,4459.0,1498.0,100.0,157.0,79.0,204.0,1177.0,168.0,74.0,38.0,86.0,33.0,285.0,134.0,95.0,94.0,13.0,115.0,167.0,54.0,85.0,586.0,117.0,34.0,446.0
2021-03-26,5285.0,1589.0,94.0,213.0,97.0,355.0,1160.0,172.0,42.0,55.0,98.0,56.0,335.0,99.0,87.0,84.0,17.0,139.0,138.0,118.0,130.0,789.0,142.0,65.0,401.0
2021-03-27,4374.0,1275.0,68.0,113.0,37.0,147.0,704.0,108.0,30.0,50.0,35.0,67.0,173.0,120.0,74.0,50.0,19.0,60.0,51.0,171.0,84.0,421.0,146.0,54.0,344.0
2021-03-28,2195.0,1179.0,61.0,69.0,17.0,177.0,244.0,17.0,2.0,15.0,51.0,40.0,70.0,163.0,37.0,15.0,9.0,31.0,22.0,109.0,74.0,328.0,56.0,14.0,250.0
2021-03-29,6203.0,1791.0,82.0,178.0,134.0,381.0,1233.0,196.0,82.0,46.0,120.0,38.0,411.0,114.0,93.0,96.0,19.0,146.0,218.0,127.0,141.0,805.0,61.0,60.0,413.0
2021-03-30,6953.0,1980.0,74.0,140.0,121.0,289.0,1183.0,187.0,195.0,55.0,92.0,71.0,407.0,135.0,92.0,108.0,22.0,146.0,153.0,164.0,152.0,905.0,146.0,51.0,544.0
2021-03-31,6899.0,2165.0,96.0,205.0,138.0,435.0,1500.0,226.0,33.0,60.0,95.0,73.0,593.0,109.0,95.0,107.0,25.0,168.0,210.0,204.0,134.0,993.0,151.0,84.0,465.0
2021-04-01,6370.0,2012.0,95.0,203.0,51.0,196.0,1085.0,168.0,4.0,51.0,69.0,70.0,394.0,77.0,79.0,83.0,19.0,82.0,141.0,221.0,91.0,734.0,137.0,37.0,463.0
2021-04-02,5124.0,1822.0,79.0,70.0,36.0,130.0,587.0,42.0,3.0,39.0,94.0,67.0,367.0,88.0,53.0,21.0,16.0,69.0,33.0,244.0,73.0,483.0,133.0,42.0,403.0
2021-04-03,5651.0,1940.0,67.0,97.0,31.0,12.0,942.0,190.0,20.0,43.0,77.0,84.0,407.0,54.0,78.0,111.0,16.0,82.0,151.0,201.0,86.0,525.0,76.0,47.0,523.0
2021-04-04,3954.0,1669.0,53.0,63.0,29.0,48.0,558.0,39.0,7.0,32.0,72.0,64.0,251.0,1.0,56.0,18.0,10.0,28.0,30.0,218.0,97.0,401.0,123.0,21.0,318.0
2021-04-05,9141.0,2778.0,136.0,185.0,203.0,396.0,1974.0,263.0,26.0,56.0,219.0,98.0,895.0,196.0,153.0,157.0,44.0,230.0,249.0,358.0,179.0,1261.0,94.0,97.0,572.0
2021-04-06,10341.0,2853.0,125.0,212.0,125.0,431.0,2143.0,328.0,98.0,71.0,160.0,94.0,906.0,147.0,127.0,144.0,30.0,223.0,227.0,382.0,203.0,1282.0,192.0,84.0,635.0
2021-04-07,10855.0,2981.0,158.0,227.0,144.0,515.0,2015.0,345.0,89.0,47.0,179.0,124.0,1012.0,97.0,114.0,90.0,46.0,226.0,207.0,473.0,180.0,1351.0,179.0,94.0,664.0
2021-04-08,10654.0,2867.0,131.0,258.0,125.0,431.0,2035.0,298.0,11.0,68.0,207.0,103.0,934.0,215.0,120.0,132.0,42.0,179.0,203.0,466.0,162.0,1442.0,184.0,76.0,604.0
2021-04-09,10404.0,2734.0,184.0,210.0,119.0,233.0,1599.0,492.0,95.0,50.0,207.0,147.0,915.0,104.0,109.0,118.0,46.0,279.0,163.0,437.0,164.0,1537.0,262.0,114.0,590.0
2021-04-10,7683.0,2462.0,109.0,157.0,32.0,221.0,1003.0,171.0,6.0,74.0,78.0,80.0,532.0,185.0,57.0,90.0,35.0,81.0,38.0,387.0,100.0,1024.0,171.0,83.0,509.0
2021-04-11,4576.0,1951.0,120.0,152.0,17.0,61.0,378.0,56.0,109.0,44.0,98.0,74.0,196.0,128.0,44.0,33.0,20.0,28.0,35.0,423.0,76.0,666.0,72.0,51.0,339.0
2021-04-12,10019.0,2743.0,174.0,205.0,185.0,435.0,1674.0,488.0,281.0,46.0,140.0,59.0,887.0,181.0,126.0,158.0,34.0,212.0,239.0,531.0,194.0,1428.0,135.0,103.0,598.0
2021-04-13,9931.0,2436.0,149.0,236.0,140.0,152.0,1524.0,401.0,93.0,103.0,194.0,33.0,739.0,128.0,133.0,144.0,48.0,228.0,201.0,526.0,195.0,1761.0,223.0,82.0,635.0
2021-04-14,7406.0,909.0,143.0,309.0,117.0,162.0,1124.0,324.0,99.0,66.0,192.0,11.0,981.0,116.0,136.0,169.0,19.0,245.0,139.0,431.0,175.0,1596.0,182.0,84.0,468.0
2021-04-15,2290.0,248.0,38.0,25.0,30.0,5.0,138.0,61.0,79.0,33.0,63.0,2.0,259.0,60.0,17.0,81.0,9.0,80.0,79.0,99.0,31.0,557.0,28.0,10.0,110.0
