Combined_Key,ids,ids_modified,01-02-2020,02-02-2020,03-02-2020,01-03-2020,01-04-2020,01-05-2020,01-06-2020,02-03-2020,02-04-2020,02-05-2020,02-06-2020,03-03-2020,03-04-2020,03-05-2020,03-06-2020,04-02-2020,04-03-2020,04-04-2020,04-05-2020,05-02-2020,05-03-2020,05-04-2020,05-05-2020,06-02-2020,06-03-2020,06-04-2020,06-05-2020,07-02-2020,07-03-2020,07-04-2020,07-05-2020,08-02-2020,08-03-2020,08-04-2020,08-05-2020,09-02-2020,09-03-2020,09-04-2020,09-05-2020,10-02-2020,10-03-2020,10-04-2020,10-05-2020,11-02-2020,11-03-2020,11-04-2020,11-05-2020,12-02-2020,12-03-2020,12-04-2020,12-05-2020,13-02-2020,13-03-2020,13-04-2020,13-05-2020,14-02-2020,14-03-2020,14-04-2020,14-05-2020,15-02-2020,15-03-2020,15-04-2020,15-05-2020,16-02-2020,16-03-2020,16-04-2020,16-05-2020,17-02-2020,17-03-2020,17-04-2020,17-05-2020,18-02-2020,18-03-2020,18-04-2020,18-05-2020,19-02-2020,19-03-2020,19-04-2020,19-05-2020,20-02-2020,20-03-2020,20-04-2020,20-05-2020,21-02-2020,21-03-2020,21-04-2020,21-05-2020,22-02-2020,22-03-2020,22-04-2020,22-05-2020,23-02-2020,23-03-2020,23-04-2020,23-05-2020,24-02-2020,24-03-2020,24-04-2020,24-05-2020,25-01-2020,25-02-2020,25-03-2020,25-04-2020,25-05-2020,26-01-2020,26-02-2020,26-03-2020,26-04-2020,26-05-2020,27-01-2020,27-02-2020,27-03-2020,27-04-2020,27-05-2020,28-01-2020,28-02-2020,28-03-2020,28-04-2020,28-05-2020,29-01-2020,29-02-2020,29-03-2020,29-04-2020,29-05-2020,30-01-2020,30-03-2020,30-04-2020,30-05-2020,31-01-2020,31-03-2020,31-05-2020
"NL, Eastern, CA",1011,1011,0,0,0,0,23,1,0,0,8,0,0,0,12,0,0,0,0,7,0,0,0,14,0,0,0,9,0,0,0,1,1,0,0,2,0,0,0,2,0,0,0,3,0,0,0,2,0,0,0,1,0,0,0,0,0,0,0,0,0,0,0,2,0,0,0,5,0,0,0,4,0,0,0,0,0,0,0,0,0,0,1,0,0,0,1,0,0,0,3,0,0,0,14,0,0,0,11,0,0,0,0,31,1,0,0,0,15,1,0,0,0,19,0,0,0,0,16,0,1,0,0,15,0,0,0,13,0,0,0,4,0
"NL, Central, CA",1012,1012,0,0,0,0,0,0,0,0,0,0,0,0,0,0,0,0,0,0,0,0,0,0,0,0,0,0,0,0,0,1,0,0,0,2,0,0,0,2,0,0,0,0,0,0,0,0,0,0,0,0,0,0,0,0,0,0,0,0,0,0,0,0,0,0,0,0,0,0,0,0,0,0,0,0,0,0,0,0,0,0,0,0,0,0,1,0,0,0,0,0,0,0,1,0,0,0,0,0,0,0,0,0,0,0,0,0,0,0,0,0,0,0,0,0,0,0,1,0,0,0,0,0,0,0,0,0,0,0,0,0,0
"NL, Western, CA",1013,1013,0,0,0,0,0,0,0,0,0,0,0,0,0,0,0,0,0,0,0,0,0,0,0,0,0,0,0,0,0,0,0,0,0,0,0,0,0,0,0,0,0,0,0,0,0,0,0,0,0,0,0,0,0,2,0,0,0,0,0,0,0,1,0,0,0,0,0,0,0,0,0,0,0,0,0,0,0,0,0,0,0,0,0,0,0,0,0,0,0,0,0,0,0,0,0,0,0,0,0,0,0,1,0,0,0,0,0,0,0,0,0,0,0,0,0,0,0,0,0,0,0,0,0,0,0,0,0,0,0,0,0
"NL, Labrador-Grenfell, CA",1014,1014,0,0,0,0,0,0,0,0,0,0,0,0,0,0,0,0,0,1,0,0,0,0,0,0,0,0,0,0,0,0,0,0,0,0,0,0,0,0,0,0,0,0,0,0,0,0,0,0,0,0,0,0,0,0,0,0,1,0,0,0,0,0,0,0,0,0,0,0,2,0,0,0,0,0,0,0,0,0,0,0,0,0,0,0,0,0,0,0,0,0,0,0,0,0,0,0,0,0,0,0,0,0,0,0,0,0,0,0,0,0,0,1,0,0,0,0,1,0,0,0,0,0,0,0,0,0,0,0,0,0,0
"PEI, Prince Edward Island, CA",1100,1100,0,0,0,0,0,0,0,0,1,0,0,0,0,0,0,0,0,0,0,0,0,0,0,0,0,0,0,0,0,0,0,0,0,3,0,0,0,0,0,0,0,0,0,0,0,0,0,0,0,0,0,0,0,0,0,0,1,0,0,0,0,1,0,0,0,0,0,0,0,0,0,0,0,0,0,0,1,0,0,0,0,0,0,0,0,0,0,0,1,0,0,0,0,0,0,0,0,0,0,0,0,2,0,0,0,0,4,0,0,0,0,2,0,0,0,0,0,1,0,0,0,0,0,0,0,7,0,0,0,3,0
"Nova Scotia, Zone 1 - Western, CA",1201,1201,0,0,0,0,0,0,0,0,1,0,0,0,1,0,0,0,0,2,0,0,0,3,0,0,0,3,0,0,0,1,0,0,0,0,0,0,0,2,0,0,0,0,0,0,0,1,0,0,0,0,0,0,0,1,0,0,0,0,0,0,1,0,0,0,0,2,0,0,0,0,0,0,0,1,0,0,0,0,0,0,0,4,0,0,0,1,0,0,0,0,0,0,0,0,0,0,0,0,0,0,0,0,0,0,0,0,0,0,0,0,0,0,0,0,0,0,0,0,0,0,0,0,0,0,0,0,0,0,0,0,0
"Nova Scotia, Zone 2 - Northern, CA",1202,1202,0,0,0,0,0,0,0,0,4,1,0,0,0,1,0,0,0,2,0,0,0,1,0,0,0,3,2,0,0,2,0,0,0,2,0,0,0,1,0,0,0,1,0,0,0,0,1,0,0,0,0,0,0,0,0,0,0,0,0,0,0,1,0,0,0,0,0,0,0,1,0,0,0,0,0,0,0,0,0,0,0,1,0,0,0,0,0,0,0,0,0,0,0,1,0,0,0,0,0,0,0,0,0,0,0,0,0,0,0,0,0,0,1,0,0,0,0,0,1,0,0,0,0,0,0,0,0,0,0,0,0
"Nova Scotia, Zone 3 - Eastern, CA",1203,1203,0,0,0,0,0,0,0,0,3,0,0,0,1,0,1,0,0,1,0,0,0,1,0,0,0,3,0,0,0,3,0,0,0,3,0,0,0,1,0,0,0,3,1,0,0,0,0,0,0,1,0,0,0,2,0,0,0,0,0,0,0,2,0,0,0,1,0,0,0,1,0,0,0,1,0,0,0,0,0,0,0,1,0,0,0,0,0,0,0,1,0,0,0,1,0,0,0,1,0,0,0,0,1,0,0,0,0,0,0,0,0,0,0,0,0,0,0,0,0,0,0,0,0,0,0,0,0,0,0,0,0
"Nova Scotia, Zone 4 - Central, CA",1204,1204,0,0,0,0,0,12,1,0,12,3,0,0,12,7,0,0,0,24,14,0,0,21,6,0,0,22,5,0,0,11,9,0,0,27,1,0,0,27,3,0,0,30,6,0,0,20,0,0,0,16,1,0,0,26,4,0,0,43,2,0,2,29,8,0,2,27,3,0,0,25,3,0,0,41,3,0,0,26,1,0,0,40,1,0,0,15,1,0,0,34,1,0,0,53,1,0,0,22,1,0,0,0,14,1,0,0,0,8,2,0,0,0,26,1,0,0,0,15,1,0,0,0,20,0,0,0,12,1,0,0,0
"New Brunswick, Zone 1 (Moncton area), CA",1301,1301,0,0,0,0,2,0,0,0,0,0,0,0,0,0,0,0,0,0,0,0,0,1,1,0,0,2,0,0,0,0,0,0,0,0,0,0,0,0,0,0,0,0,0,0,0,0,0,0,1,0,0,0,0,0,0,0,1,0,0,0,0,0,0,0,0,0,0,0,0,0,0,0,1,0,0,0,0,0,0,0,0,0,0,0,0,0,0,0,0,0,0,0,0,0,0,0,1,0,0,0,0,3,0,0,0,0,3,0,0,0,0,4,0,0,0,0,2,0,0,0,0,1,0,0,0,0,0,0,0,0,0
"New Brunswick, Zone 2 (Saint John area), CA",1302,1302,0,0,0,0,3,0,0,0,1,0,0,0,0,0,0,0,0,0,0,0,0,1,0,0,0,0,1,0,0,0,0,0,0,0,0,0,0,0,0,0,0,1,0,0,0,0,0,0,0,2,0,0,0,0,0,0,0,0,0,0,0,0,0,0,1,0,0,0,0,0,0,0,0,0,0,0,0,0,0,0,0,0,0,0,5,0,0,0,0,0,0,0,0,0,0,0,0,0,0,0,0,3,0,0,0,0,1,0,0,0,0,1,0,0,0,0,4,0,0,0,0,2,0,0,0,1,0,0,0,0,0
"New Brunswick, Zone 3 (Fredericton area), CA",1303,1303,0,0,0,0,4,0,0,0,6,0,0,0,3,0,0,0,0,3,0,0,0,1,0,0,0,0,0,0,0,1,0,0,0,2,0,0,0,3,0,0,0,0,0,0,0,0,0,0,0,0,0,0,0,1,0,0,0,0,0,0,4,0,0,0,0,0,0,0,1,0,0,0,2,1,0,0,0,0,0,0,0,0,0,0,1,0,0,0,0,0,0,0,0,0,0,0,0,0,0,0,0,1,0,0,0,0,3,0,0,0,0,3,0,0,0,0,0,0,0,0,0,6,0,0,0,1,0,0,0,1,0
"New Brunswick, Zone 4 (Edmundston area), CA",1304,1304,0,0,0,0,0,0,0,0,2,0,0,0,0,0,0,0,0,0,0,0,0,0,0,0,0,0,0,0,0,0,0,0,0,0,0,0,0,0,0,0,0,0,0,0,0,0,0,0,0,0,0,0,0,0,0,0,0,0,0,0,0,0,0,0,0,0,0,0,0,0,0,0,0,0,0,0,0,0,0,0,0,0,0,0,0,0,0,0,0,0,0,0,0,0,0,0,0,0,0,0,0,1,0,0,0,0,0,0,0,0,0,3,0,0,0,0,0,0,0,0,0,0,0,0,0,0,0,0,0,1,0
"New Brunswick, Zone 5 (Campbellton area), CA",1305,1305,0,0,0,0,2,0,0,0,0,0,1,0,1,0,2,0,0,0,0,0,0,0,0,0,0,0,0,0,0,0,0,0,0,0,0,0,0,0,0,0,0,0,0,0,0,0,0,0,0,0,0,0,0,1,0,0,0,0,0,0,0,1,0,0,0,0,0,0,0,0,0,0,0,0,0,0,0,0,0,0,0,0,0,0,0,0,1,0,0,0,0,0,0,0,0,0,0,0,0,0,0,0,0,0,0,0,0,0,1,0,0,1,0,1,0,0,0,0,3,0,0,6,0,2,0,0,0,1,0,0,3
"New Brunswick, Zone 6 (Bathurst area), CA",1306,1306,0,0,0,0,0,0,0,0,0,0,0,0,0,0,0,0,0,0,0,0,0,0,0,0,0,0,0,0,0,0,0,0,0,1,0,0,0,0,0,0,0,0,0,0,0,0,0,0,0,0,0,0,0,0,0,0,0,0,0,0,0,0,0,0,0,0,0,0,0,0,0,0,0,0,0,0,0,0,0,0,0,0,0,0,0,0,0,0,0,0,0,0,0,0,0,0,0,0,0,0,0,0,0,0,0,0,0,0,0,0,0,0,0,0,0,0,0,0,0,0,0,0,0,0,0,0,0,0,0,0,0
"New Brunswick, Zone 7 (Miramichi area), CA",1307,1307,0,0,0,0,0,0,0,0,1,0,0,0,0,0,0,0,0,0,0,0,0,0,0,0,0,0,0,0,0,1,0,0,0,0,0,0,0,0,0,0,0,0,0,0,0,0,0,0,0,0,0,0,0,0,0,0,0,0,0,0,0,0,0,0,0,0,0,0,0,0,0,0,0,0,0,0,0,0,0,0,0,0,0,0,0,0,0,0,0,0,0,0,0,0,0,0,0,0,0,0,0,0,0,0,0,0,0,0,0,0,0,0,0,0,0,0,0,0,0,0,0,0,0,0,0,0,0,0,0,0,0
"Quebec, Bas-Saint-Laurent, CA",2401,2401,0,0,0,0,5,0,0,0,1,0,0,0,5,0,0,0,0,3,0,0,0,0,0,0,0,2,0,0,0,1,0,0,0,3,0,0,0,0,1,0,0,1,0,0,0,0,0,0,0,0,2,0,0,0,2,0,0,0,0,0,0,0,2,0,0,0,1,0,0,0,0,0,0,0,1,0,1,0,0,0,0,0,0,0,0,0,1,0,0,0,1,0,2,0,1,0,1,0,0,0,0,2,0,0,0,0,0,0,1,0,0,1,0,0,0,0,1,0,0,0,0,0,0,0,0,3,1,0,0,2,0
"Quebec, Saguenay, CA",2402,2402,0,0,0,0,1,2,1,0,0,6,0,0,12,3,0,0,0,11,7,0,0,24,1,0,0,14,1,0,0,10,0,0,0,15,1,0,0,5,1,0,0,12,2,0,0,7,1,0,0,7,1,0,0,12,2,0,0,9,2,0,0,5,1,0,0,27,0,0,0,2,1,0,0,10,4,0,0,12,2,0,0,13,0,0,1,5,0,0,0,5,0,0,0,8,1,0,4,4,0,0,0,3,5,2,0,0,3,0,0,0,0,5,6,0,0,0,2,0,0,0,0,0,0,0,0,6,7,0,0,7,0
"Quebec, Capitale-Nationale, CA",2403,2403,0,0,0,0,34,32,13,0,23,23,14,0,10,27,15,0,0,29,21,0,0,36,23,0,0,12,25,0,0,18,22,0,0,17,19,0,0,20,46,0,0,15,22,0,0,13,25,0,0,4,17,0,0,36,18,0,0,31,15,0,2,17,18,0,0,23,18,0,1,18,20,0,5,17,27,0,2,13,13,0,0,16,18,0,3,15,14,0,0,17,22,0,20,11,34,0,46,24,25,0,0,16,38,33,0,0,8,42,29,0,0,3,13,30,0,0,42,14,30,0,0,16,18,31,0,10,28,31,0,39,25
"Quebec, Mauricie, CA",2404,2404,0,0,0,0,32,46,9,0,71,18,18,0,46,29,0,0,0,67,30,0,0,63,30,0,0,55,20,0,0,40,38,0,0,25,44,0,0,34,43,0,0,25,21,0,1,38,30,0,0,28,19,0,0,46,18,0,0,45,32,0,2,32,28,0,0,29,29,0,0,26,24,0,0,30,17,0,0,14,21,0,1,28,29,0,1,26,14,0,2,31,21,0,9,40,16,0,16,21,15,0,0,3,0,12,0,0,14,20,13,0,0,20,28,12,0,0,16,21,12,0,0,37,43,20,0,42,20,13,0,51,10
"Quebec, Estrie, CA",2405,2405,0,0,0,0,14,7,1,0,25,8,0,0,46,5,1,0,0,49,8,0,0,19,2,0,0,30,8,0,0,22,8,0,0,27,4,0,0,23,5,0,0,22,4,0,0,19,3,0,2,28,3,0,0,15,3,0,1,17,2,0,1,17,0,0,0,13,2,0,6,12,5,0,8,7,0,0,8,8,2,0,0,9,3,0,1,7,7,0,3,3,5,0,18,6,0,0,82,0,0,0,0,39,10,0,0,0,18,9,5,0,0,40,4,1,0,0,26,0,0,0,0,43,1,1,0,33,12,0,0,36,1
"Quebec, Montréal, CA",2406,2406,0,0,0,0,106,655,109,0,545,620,106,0,195,1652,136,0,0,424,355,0,0,452,385,0,0,264,451,0,0,430,476,0,0,368,517,0,1,487,421,0,0,355,342,0,2,244,295,0,3,227,385,0,0,305,354,0,2,235,401,0,4,202,405,0,8,451,370,0,7,479,307,0,3,292,311,0,7,405,290,0,13,507,319,0,14,384,428,0,7,508,348,0,258,519,284,0,109,522,223,0,0,164,267,200,0,0,179,459,273,0,1,189,413,222,0,0,248,453,225,0,0,142,324,203,0,251,513,184,0,379,210
"Quebec, Outaouais, CA",2407,2407,0,0,0,0,14,14,1,0,11,5,2,0,6,9,8,0,0,4,2,0,0,24,8,0,0,8,6,0,0,12,4,0,0,1,4,0,0,1,8,0,0,10,3,0,0,16,9,0,0,12,8,0,0,3,6,0,0,8,6,0,0,1,1,0,0,10,14,0,0,1,14,0,1,10,9,0,0,7,22,0,0,5,6,0,2,5,18,0,2,0,22,0,3,10,7,0,4,7,4,0,0,1,10,11,0,0,3,6,11,0,0,2,14,13,0,0,8,4,9,0,0,2,3,5,0,10,1,4,0,12,0
"Quebec, Abitibi-Témiscamingue, CA",2408,2408,0,0,0,0,7,0,0,0,6,0,0,0,11,0,1,0,0,18,0,0,0,7,0,0,0,18,1,0,0,7,2,0,0,3,1,0,0,8,0,0,0,11,3,0,0,4,0,0,0,3,0,0,0,1,1,0,0,0,1,0,0,1,1,0,0,1,2,0,0,3,1,0,0,0,0,0,0,2,0,0,0,2,0,0,0,1,0,0,0,0,0,0,3,1,2,0,2,0,1,0,0,0,0,0,0,0,6,0,0,0,0,7,0,0,0,0,6,0,0,0,0,3,0,1,0,1,0,1,0,6,0
"Quebec, Côte-Nord, CA",2409,2409,0,0,0,0,5,0,0,0,7,0,0,0,5,0,0,0,0,2,0,0,0,9,0,0,0,10,0,0,0,3,0,0,0,4,0,0,0,6,0,0,0,3,0,0,0,8,0,0,0,0,0,0,0,3,0,0,0,1,1,0,0,2,0,0,0,3,0,0,0,3,0,0,0,2,0,0,0,0,0,0,0,0,0,0,0,0,0,0,0,0,0,0,0,0,0,0,1,0,0,0,0,1,0,0,0,0,1,0,0,0,0,3,0,0,0,0,7,0,0,0,0,4,0,1,0,9,7,0,0,4,0
"Quebec, Nord-du-Québec, CA",2410,2410,0,0,0,0,0,0,0,0,0,0,0,0,1,1,0,0,0,0,0,0,0,0,0,0,0,0,0,0,0,0,0,0,0,0,0,0,0,0,0,0,0,3,0,0,0,0,0,0,0,0,0,0,0,2,0,0,0,0,0,0,0,0,0,0,0,0,0,0,0,0,0,0,0,0,0,0,0,0,0,0,1,0,0,0,0,0,0,0,0,0,0,0,0,0,0,0,0,0,0,0,0,0,0,0,0,0,0,0,0,0,0,0,0,0,0,0,0,0,0,0,0,0,0,0,0,0,0,0,0,0,0
"Quebec, Gaspésie-Îles-de-la-Madeleine, CA",2411,2411,0,0,0,0,0,1,0,0,1,0,0,0,3,1,0,0,0,2,0,0,0,11,1,0,0,8,0,0,0,4,1,0,0,9,1,0,0,4,0,0,0,5,0,0,0,6,0,0,0,6,0,0,0,1,1,0,0,2,1,0,0,4,0,0,0,0,0,0,0,4,0,0,0,12,0,0,0,6,0,0,0,0,1,0,0,13,2,0,0,8,1,0,3,3,1,0,4,3,1,0,0,0,4,2,0,0,0,7,0,0,0,0,1,0,0,0,2,0,0,0,0,0,0,0,0,4,3,2,0,24,0
"Quebec, Chaudière-Appalaches, CA",2412,2412,0,0,0,0,13,7,2,0,3,2,1,0,3,3,0,0,0,3,7,0,0,17,4,0,0,2,1,0,0,23,5,0,0,14,4,0,0,12,5,0,0,15,2,0,0,8,5,0,1,17,1,0,0,25,4,0,0,14,3,0,2,5,5,0,1,2,5,0,0,11,12,0,2,12,8,0,0,13,11,0,0,4,0,0,7,8,2,0,0,5,0,0,2,3,1,0,26,6,1,0,0,5,12,1,0,0,12,7,2,0,0,15,4,3,0,0,7,4,2,0,0,6,5,0,0,9,0,1,0,22,3
"Quebec, Laval, CA",2413,2413,0,0,0,0,66,114,18,0,73,78,15,0,65,94,17,0,0,93,62,0,0,71,93,0,0,72,97,0,0,47,121,0,0,72,106,0,0,66,90,0,0,120,64,0,0,91,151,0,0,123,71,0,0,37,58,0,0,90,77,0,0,97,77,0,0,165,80,0,0,152,80,0,0,125,84,0,1,132,59,0,0,66,75,0,2,104,56,0,1,97,52,0,17,115,88,0,39,71,39,0,0,23,107,62,0,0,12,122,33,0,0,35,141,45,0,0,30,67,45,0,0,20,163,33,0,77,81,40,0,15,51
"Quebec, Lanaudière, CA",2414,2414,0,0,0,0,7,88,41,0,49,72,6,0,49,65,13,0,0,39,64,0,0,53,72,0,0,45,58,0,0,41,91,0,0,48,72,0,0,84,43,0,0,74,62,0,0,50,59,0,0,20,70,0,0,60,57,0,1,78,67,0,1,80,38,0,1,114,87,0,3,67,107,0,0,37,76,0,1,101,47,0,0,61,41,0,2,56,71,0,6,72,65,0,35,49,49,0,5,62,48,0,0,13,78,47,0,0,4,73,51,0,0,25,117,31,0,0,29,70,20,0,0,18,105,17,0,53,99,36,0,52,19
"Quebec, Laurentides, CA",2415,2415,0,0,0,0,64,45,53,0,27,43,15,0,29,41,0,0,0,52,45,0,1,37,60,0,0,5,69,0,0,34,74,0,0,12,46,0,0,57,73,0,0,29,54,0,0,23,39,0,1,13,69,0,0,54,71,0,0,28,63,0,1,27,81,0,0,37,35,0,4,50,69,0,1,36,60,0,1,31,42,0,1,25,59,0,4,37,55,0,3,30,62,0,13,31,51,0,14,38,64,0,0,6,51,44,0,0,11,40,46,0,0,20,37,25,0,0,27,50,37,0,0,12,58,22,0,49,42,52,0,30,37
"Quebec, Montérégie, CA",2416,2416,0,0,0,0,81,99,41,0,64,133,60,0,97,271,101,0,0,100,157,0,0,123,116,0,1,88,173,0,0,67,73,0,1,73,92,0,0,74,100,0,0,65,156,0,0,86,131,0,2,66,110,0,0,108,110,0,3,132,120,0,2,121,39,0,1,121,120,0,3,113,95,0,0,132,112,0,6,90,59,0,2,224,27,0,5,145,52,0,14,62,46,0,26,77,162,0,59,16,152,0,0,23,70,159,0,0,19,53,150,0,0,26,90,157,0,0,26,94,184,0,0,38,123,195,0,32,134,55,0,52,54
"Quebec, Nunavik, CA",2417,2417,0,0,0,0,0,0,0,0,1,0,0,0,0,0,0,0,0,0,0,0,0,0,0,0,0,3,0,0,0,0,0,0,0,0,0,0,0,0,0,0,0,0,0,0,0,2,0,0,0,0,0,0,0,3,0,0,0,1,0,0,0,1,0,0,0,1,0,0,0,0,0,0,0,0,0,0,0,0,0,0,0,1,0,0,0,0,0,0,0,0,0,0,0,0,0,0,0,0,0,0,0,0,0,0,0,0,0,2,0,0,0,0,0,0,0,0,0,0,0,0,0,1,0,0,0,0,0,0,0,0,0
"Quebec, Terres-Cries-de-la-Baie-James, CA",2418,2418,0,0,0,0,0,0,0,0,0,0,0,0,0,2,0,0,0,0,0,0,0,1,0,0,0,0,0,0,0,1,0,0,0,0,0,0,0,0,0,0,0,0,0,0,0,0,0,0,0,0,0,0,0,0,0,0,0,0,0,0,0,0,0,0,0,0,0,0,0,0,0,0,0,0,0,0,0,0,0,0,0,0,0,0,0,0,0,0,0,0,0,0,0,0,0,0,0,0,0,0,0,0,1,0,0,0,0,0,0,0,0,1,2,0,0,0,0,0,0,0,0,0,0,0,0,1,0,0,0,1,0
"Ontario, Algoma, CA",3526,3526,0,0,0,0,0,0,0,0,1,0,0,0,1,0,0,0,0,1,0,0,0,0,0,0,0,1,0,0,0,0,3,0,0,0,0,0,0,1,0,0,0,0,0,0,0,0,0,0,0,0,0,0,0,0,0,0,0,0,0,0,0,0,1,0,0,1,0,0,0,1,3,0,1,0,0,0,0,0,0,0,0,0,0,0,0,0,0,0,0,0,0,0,0,0,0,0,0,0,1,0,0,0,1,0,0,0,0,0,0,0,0,0,0,0,0,0,1,0,0,0,0,2,0,0,0,1,0,0,0,0,0
"Ontario, Brant, CA",3527,3527,0,0,0,0,6,1,1,0,12,2,0,0,6,1,1,0,0,7,0,0,0,4,0,0,0,0,0,0,0,1,0,0,0,1,1,0,0,6,0,0,0,6,2,0,0,1,0,0,0,2,0,0,0,1,0,0,0,3,0,0,0,1,0,0,0,0,0,0,0,0,0,0,1,4,0,0,0,2,1,0,0,1,0,0,0,3,0,0,0,0,2,0,0,0,1,0,2,6,1,0,0,0,2,1,0,0,0,1,0,0,0,0,3,0,0,0,0,2,0,0,0,0,1,0,0,8,2,0,0,0,0
"Ontario, Durham, CA",3530,3530,0,0,0,0,39,40,10,0,23,25,17,0,10,26,11,0,0,38,29,0,0,11,11,0,0,11,25,0,0,23,21,0,0,11,7,0,0,22,13,0,0,19,10,0,0,16,5,0,0,22,9,0,0,12,18,0,3,74,7,0,2,14,11,0,1,40,14,0,0,35,19,0,0,37,21,0,4,53,19,0,11,51,10,0,4,40,23,0,2,45,6,0,6,24,18,0,9,29,16,0,0,9,26,24,0,0,5,39,17,0,0,10,24,5,0,0,10,24,20,0,2,10,10,11,0,11,22,14,0,12,13
"Ontario, Grey Bruce, CA",3533,3533,0,0,0,0,3,2,3,0,1,2,0,0,2,1,1,0,0,2,3,0,0,2,0,0,0,5,0,0,0,3,0,0,0,1,1,0,0,2,1,0,0,1,0,0,0,2,0,0,0,3,0,0,0,1,0,0,0,1,0,0,2,2,0,0,0,2,0,0,0,1,0,0,1,14,0,0,0,4,0,0,0,0,0,0,0,1,0,0,0,2,0,0,0,2,1,0,1,2,0,0,0,0,2,0,0,0,1,2,0,0,0,1,3,0,0,0,1,3,1,0,0,3,0,1,0,1,0,0,0,0,0
"Ontario, Haldimand-Norfolk, CA",3534,3534,0,0,0,0,4,3,118,0,7,2,44,0,9,0,0,0,0,15,0,0,0,3,0,0,0,20,0,0,0,28,0,0,0,1,2,0,0,9,1,0,0,4,0,0,0,4,2,0,0,4,0,0,0,13,2,0,0,0,1,0,0,7,0,0,0,1,0,0,0,3,1,0,0,2,1,0,0,1,0,0,0,5,1,0,0,3,0,0,0,1,1,0,0,6,1,0,0,1,0,0,0,0,3,1,0,0,1,4,6,0,0,4,2,0,0,0,0,5,0,0,0,0,2,1,0,18,1,3,0,0,0
"Ontario, Haliburton Kawartha Pineridge, CA",3535,3535,0,0,0,0,22,0,3,0,0,0,0,0,2,0,1,0,0,3,0,0,0,0,0,0,0,29,0,0,0,2,2,0,0,1,0,0,0,9,0,0,0,1,1,0,0,11,0,0,0,6,2,0,0,1,0,0,1,1,1,0,1,0,0,0,0,0,3,0,0,0,0,0,0,0,1,0,1,2,1,0,5,3,2,0,0,0,0,0,0,3,2,0,2,0,0,0,1,1,0,0,0,1,4,0,0,0,15,5,0,0,0,0,8,0,0,0,0,0,0,0,0,0,0,0,0,0,0,0,0,14,3
"Ontario, Halton, CA",3536,3536,0,0,0,0,38,5,2,0,7,9,4,0,19,6,0,0,0,31,2,0,0,11,4,0,0,13,18,0,0,14,6,0,0,59,2,0,0,21,3,0,0,12,4,0,1,8,0,0,1,11,3,0,0,36,6,0,1,19,8,0,0,9,18,0,1,6,7,0,0,9,6,0,4,9,14,0,3,12,10,0,0,3,0,0,0,3,8,0,0,8,11,0,2,16,4,0,1,5,2,0,0,4,3,7,0,0,1,4,4,0,0,0,7,0,0,0,2,14,5,0,0,4,5,7,0,11,8,5,0,0,3
"Ontario, Hamilton, CA",3537,3537,0,0,0,0,42,8,2,0,15,8,12,0,11,7,9,0,0,9,4,0,0,8,2,0,0,15,8,0,0,13,6,0,0,15,14,0,0,8,0,0,0,12,0,0,0,14,1,0,1,10,1,0,0,14,5,0,1,5,13,0,3,15,19,0,4,30,51,0,5,13,0,0,2,4,8,0,2,5,6,0,2,3,3,0,4,23,3,0,5,0,8,0,3,10,13,0,3,5,12,0,0,4,23,9,0,0,1,9,7,0,0,0,8,6,0,0,13,12,4,0,0,17,4,10,0,0,6,4,0,0,5
"Ontario, Hastings Prince Edward, CA",3538,3538,0,0,0,0,5,0,0,0,3,1,0,0,1,0,0,0,0,1,0,0,0,2,0,0,0,1,0,0,0,3,0,0,0,1,0,0,0,0,0,0,0,0,0,0,0,0,0,0,0,1,0,0,0,0,0,0,0,0,0,0,0,1,0,0,0,0,0,0,0,1,0,0,0,2,0,0,0,1,1,0,1,2,0,0,1,1,0,0,0,2,0,0,1,0,0,0,0,1,0,0,0,2,1,0,0,0,1,0,0,0,0,0,0,0,0,0,1,1,0,0,0,0,0,0,0,1,2,0,0,0,0
"Ontario, Huron Perth, CA",3539,3539,0,0,0,0,5,1,1,0,2,0,0,0,1,2,1,0,0,0,0,0,0,0,0,0,0,3,0,0,0,3,0,0,0,1,0,0,0,4,0,0,0,2,0,0,0,1,0,0,0,0,0,0,0,1,0,0,1,2,0,0,0,0,0,0,0,1,0,0,0,0,0,0,1,0,0,0,0,0,0,0,0,2,0,0,0,1,1,0,0,1,0,0,0,0,0,0,0,2,1,0,0,0,1,0,0,0,0,0,0,0,0,0,1,0,0,0,3,1,0,0,0,4,1,1,0,0,1,0,0,0,0
"Ontario, Chatham-Kent, CA",3540,3540,0,0,0,0,2,2,1,0,1,3,0,0,2,0,0,0,0,1,1,0,0,0,0,0,0,4,0,0,0,1,0,0,0,0,0,0,0,1,0,0,0,0,1,0,0,1,0,0,0,6,0,0,0,0,4,0,0,0,14,0,0,0,12,0,0,0,15,0,0,4,0,0,2,0,2,0,0,0,0,0,0,2,1,0,0,0,4,0,0,6,0,0,0,3,0,0,0,0,1,0,0,0,2,0,0,0,0,4,1,0,0,2,29,0,0,0,2,3,0,0,0,0,4,0,0,0,1,1,0,0,0
"Ontario, Kingston Frontenac Lennox & Addington, CA",3541,3541,0,0,0,0,12,0,1,0,1,0,0,0,1,0,0,0,0,4,0,0,0,1,0,0,0,0,0,0,0,0,0,0,0,0,0,0,0,0,0,0,0,0,0,0,0,2,0,0,0,0,0,0,0,0,0,0,0,0,0,0,0,0,0,0,0,0,0,0,3,0,0,0,0,0,0,0,0,1,1,0,0,1,0,0,0,2,0,0,0,0,0,0,1,0,0,0,3,0,0,0,0,5,0,0,0,0,2,0,0,0,0,2,0,0,0,0,1,0,0,0,0,0,0,0,0,17,2,0,0,0,0
"Ontario, Lambton, CA",3542,3542,0,0,0,0,48,1,0,0,3,4,0,0,4,1,3,0,0,5,1,0,0,11,3,0,0,1,0,0,0,6,1,0,0,1,0,0,0,11,1,0,0,7,6,0,0,2,0,0,0,8,3,0,0,3,1,0,0,1,8,0,0,0,1,0,0,9,4,0,0,0,5,0,0,3,3,0,0,1,0,0,0,13,5,0,0,3,5,0,0,2,8,0,0,9,2,0,0,5,2,0,0,0,1,1,0,0,5,2,3,0,0,3,3,3,0,0,0,8,7,0,0,0,3,0,0,0,1,1,0,0,1
"Ontario, Leeds Grenville and Lanark, CA",3543,3543,0,0,0,0,20,0,1,0,5,0,0,0,12,0,7,0,0,3,0,0,0,6,6,0,0,4,2,0,0,28,2,0,0,30,1,0,0,14,0,0,0,13,0,0,0,37,5,0,0,4,0,0,0,0,5,0,0,15,2,0,0,29,1,0,0,9,0,0,0,3,0,0,0,0,0,0,0,0,8,0,0,21,1,0,0,6,0,0,0,5,2,0,0,3,0,0,0,3,0,0,0,0,0,1,0,0,1,0,1,0,0,0,6,1,0,0,0,9,0,0,0,14,3,1,0,0,0,0,0,0,0
"Ontario, Middlesex-London, CA",3544,3544,0,0,0,0,29,7,3,0,13,4,2,0,13,3,5,0,0,21,7,0,0,21,1,0,0,2,7,0,0,14,5,0,0,12,2,0,0,8,0,0,0,13,5,0,0,14,13,0,0,18,2,0,0,19,3,0,1,13,2,0,0,3,3,0,0,8,1,0,2,24,4,0,1,7,2,0,0,17,11,0,6,17,3,0,1,11,4,0,0,9,0,0,2,4,4,0,0,10,4,0,0,2,7,2,0,0,6,8,4,0,0,2,2,4,0,0,2,10,3,0,0,5,9,8,0,6,9,11,1,0,5
"Ontario, Niagara, CA",3546,3546,0,0,0,0,41,11,23,0,16,14,0,0,8,10,40,0,0,24,5,0,0,13,6,0,0,13,11,0,0,13,2,0,0,18,4,0,0,9,8,0,0,12,4,0,0,20,1,0,0,13,2,0,1,16,2,0,0,13,12,0,1,36,3,0,1,21,14,0,0,31,15,0,1,13,5,0,0,2,3,0,0,18,5,0,0,1,3,0,0,20,1,0,0,7,3,0,2,15,4,0,0,1,14,2,0,0,2,10,1,0,0,3,10,0,0,0,2,11,1,0,0,7,6,1,0,13,5,6,0,0,1
"Ontario, North Bay Parry Sound, CA",3547,3547,0,0,0,0,0,1,0,0,0,0,0,0,0,0,2,0,0,0,1,0,0,0,0,0,0,1,0,0,0,0,0,0,0,1,0,0,0,0,0,0,0,1,1,0,0,1,0,0,0,1,0,0,0,2,1,0,0,1,0,0,0,0,1,0,0,0,0,0,0,0,0,0,0,0,0,0,0,0,1,0,0,2,2,0,0,0,1,0,0,0,0,0,0,0,0,0,0,0,0,0,0,0,0,1,0,0,1,0,0,0,0,0,0,0,0,0,0,0,0,0,0,2,0,1,0,1,0,0,0,0,0
"Ontario, Northwestern, CA",3549,3549,0,0,0,0,0,0,0,0,2,0,1,0,0,0,0,0,0,0,0,0,0,0,0,0,0,2,0,0,0,0,0,0,0,0,0,0,0,3,0,0,0,0,0,0,0,0,0,0,0,0,0,0,0,0,0,0,1,1,0,0,0,0,0,0,0,0,2,0,0,1,0,0,0,1,0,0,0,0,1,0,0,2,1,0,0,0,1,0,0,1,0,0,0,0,0,0,0,0,0,0,0,0,0,0,0,0,1,0,0,0,0,1,0,0,0,0,0,0,0,0,0,0,0,0,0,0,0,0,0,0,0
"Ontario, Ottawa, CA",3551,3551,0,0,0,0,50,75,11,0,58,48,7,0,37,63,8,0,0,33,21,0,0,23,31,0,0,25,23,0,0,33,21,0,0,26,24,0,0,29,41,0,0,36,9,0,1,30,23,0,1,37,16,0,1,25,15,0,2,33,18,0,5,24,28,0,3,35,21,0,0,50,17,0,1,29,11,0,2,46,22,0,3,54,25,0,1,42,19,0,1,44,17,0,3,34,2,0,3,57,9,0,0,0,26,5,0,0,5,50,7,0,0,10,44,14,0,0,12,67,8,0,0,10,76,0,0,33,0,5,0,47,16
"Ontario, Peel, CA",3553,3553,0,0,0,0,32,55,64,0,53,63,62,0,50,56,51,0,0,36,69,0,0,37,37,0,2,72,45,0,0,80,83,0,1,47,94,0,1,102,53,0,0,46,53,0,0,54,65,0,3,65,59,0,4,50,61,0,1,62,76,0,5,93,83,0,4,63,65,0,0,55,61,0,2,73,94,0,3,102,83,0,7,216,49,0,4,87,38,0,1,211,88,0,6,67,129,0,5,85,35,0,0,13,60,111,0,0,15,92,69,0,0,12,45,82,0,0,14,46,92,0,0,38,45,92,0,75,53,114,0,61,139
"Ontario, Peterborough, CA",3555,3555,0,0,0,0,0,0,3,0,13,0,0,0,2,0,0,0,0,0,0,0,0,1,0,0,0,0,0,0,0,1,4,0,0,5,1,0,0,0,0,0,0,1,1,0,0,0,0,0,0,1,0,0,0,1,0,0,0,0,0,0,1,0,0,0,0,0,0,0,0,1,1,0,0,2,0,0,0,2,2,0,2,0,1,0,0,1,0,0,0,0,2,0,0,1,0,0,0,1,0,0,0,2,5,2,0,0,4,1,2,0,0,4,0,0,0,0,0,0,0,0,0,0,0,3,0,15,0,0,0,0,0
"Ontario, Porcupine, CA",3556,3556,0,0,0,0,9,0,0,0,2,0,0,0,5,0,0,0,0,1,1,0,0,0,0,0,0,1,1,0,0,1,1,0,0,0,1,0,0,3,0,0,0,3,0,0,0,2,1,0,0,0,0,0,0,0,0,0,0,0,0,0,0,3,0,0,0,3,0,0,0,4,0,0,0,0,0,0,0,1,0,0,1,0,0,0,0,0,0,0,0,4,0,0,0,1,0,0,0,0,0,0,0,3,2,0,0,0,2,1,0,0,0,4,0,0,0,0,0,1,0,0,0,0,0,0,0,2,1,0,0,0,0
"Ontario, Renfrew, CA",3557,3557,0,0,0,0,0,0,0,0,0,0,0,0,0,0,0,0,0,0,0,0,0,0,1,0,0,2,0,0,0,1,0,0,0,2,0,0,0,0,1,0,0,1,0,0,0,1,0,0,0,0,0,0,0,0,0,0,0,0,0,0,0,0,0,0,0,0,0,0,0,0,0,0,0,0,0,0,0,0,0,0,0,0,0,0,0,0,0,0,0,0,1,0,0,0,0,0,0,0,1,0,0,0,0,0,0,0,1,1,0,0,0,0,0,0,0,0,0,0,3,0,0,1,0,0,0,0,1,0,0,5,0
"Ontario, Eastern, CA",3558,3558,0,0,0,0,10,3,0,0,7,2,1,0,5,2,0,0,0,3,3,0,0,8,2,0,0,2,8,0,0,1,1,0,0,2,18,0,0,2,0,0,0,0,0,0,0,9,2,0,0,0,0,0,0,2,0,0,1,1,2,0,0,0,0,0,0,4,1,0,0,2,5,0,0,0,0,0,1,1,1,0,0,2,0,0,0,0,1,0,1,1,0,0,1,4,1,0,0,3,1,0,0,0,10,0,0,0,0,2,0,0,0,0,1,2,0,0,5,0,1,0,0,0,0,0,0,0,0,0,0,0,1
"Ontario, Simcoe Muskoka, CA",3560,3560,0,0,0,0,13,6,9,0,9,0,4,0,5,0,0,0,0,0,34,0,0,0,10,0,0,16,16,0,0,10,8,0,0,9,6,0,0,6,0,0,0,0,0,0,0,28,15,0,1,0,3,0,0,10,11,0,0,8,9,0,2,6,6,0,0,9,0,0,1,11,0,0,1,0,0,0,0,0,27,0,0,17,4,0,4,14,6,0,0,3,3,0,1,14,0,0,1,3,0,0,0,5,0,12,0,0,10,0,4,0,0,7,23,1,0,0,0,2,2,0,0,0,5,7,0,11,12,0,0,0,0
"Ontario, Sudbury, CA",3561,3561,0,0,0,0,3,0,0,0,5,1,0,0,7,0,0,0,0,1,0,0,0,0,0,0,0,0,0,0,0,0,0,0,0,0,0,0,0,2,1,0,1,1,0,0,0,1,1,0,0,6,0,0,0,0,0,0,0,2,3,0,0,0,0,0,1,3,0,0,0,0,0,0,0,0,0,0,0,1,0,0,0,2,0,0,0,2,0,0,0,1,0,0,1,2,0,0,1,1,0,0,0,0,0,0,0,0,2,1,0,0,0,0,6,0,0,0,1,1,0,0,0,3,0,0,0,0,0,0,0,0,0
"Ontario, Thunder Bay, CA",3562,3562,0,0,0,0,1,1,1,0,5,0,0,0,3,3,1,0,0,0,1,0,0,1,1,0,0,5,0,0,0,0,1,0,0,3,0,0,0,2,1,0,0,2,0,0,0,1,0,0,0,7,0,0,0,3,0,0,0,0,1,0,0,0,0,0,0,10,0,0,0,3,0,0,0,0,0,0,0,2,0,0,0,0,0,0,0,0,2,0,0,4,0,0,0,5,0,0,0,2,0,0,0,0,0,0,0,0,0,1,0,0,0,1,4,0,0,0,1,2,0,0,0,1,0,0,0,0,1,0,0,0,0
"Ontario, Timiskaming, CA",3563,3563,0,0,0,0,0,0,0,0,1,0,0,0,0,0,0,0,0,2,0,0,0,0,0,0,0,0,0,0,0,0,0,0,0,2,0,0,0,0,0,0,0,0,0,0,0,0,0,0,0,2,0,0,0,1,0,0,0,0,0,0,0,0,0,0,0,0,0,0,0,0,0,0,0,1,0,0,0,1,0,0,0,0,0,0,0,0,0,0,0,0,0,0,0,0,0,0,0,0,0,0,0,1,0,0,0,0,0,0,0,0,0,0,0,0,0,0,0,0,0,0,0,0,0,0,0,1,6,0,0,0,0
"Ontario, Waterloo, CA",3565,3565,0,0,0,0,14,22,8,0,12,9,17,0,19,19,8,0,0,10,16,0,1,14,43,0,0,13,11,0,0,22,16,0,0,13,10,0,0,17,15,0,0,5,20,0,0,19,8,0,2,13,14,0,1,53,9,0,2,26,10,0,2,26,10,0,0,4,14,0,0,16,14,0,2,75,22,0,1,13,4,0,4,16,12,0,0,25,7,0,1,22,10,0,16,32,8,0,10,22,4,0,0,0,30,4,0,0,17,43,7,0,0,10,6,6,0,0,0,26,3,0,0,0,22,1,0,34,20,6,0,0,0
"Ontario, Wellington Dufferin Guelph, CA",3566,3566,0,0,0,0,35,7,3,0,3,18,8,0,16,5,1,0,0,0,4,0,0,0,4,0,0,33,5,0,0,13,3,0,0,9,1,0,0,5,2,0,0,5,2,0,0,1,3,0,0,0,1,0,0,22,2,0,0,3,2,0,0,4,2,0,1,7,6,0,0,19,4,0,0,4,3,0,0,0,1,0,0,0,5,0,0,7,1,0,0,2,6,0,1,18,1,0,1,11,3,0,0,1,9,2,0,0,0,9,0,0,0,0,9,3,0,0,0,13,4,0,0,0,1,8,0,0,3,0,0,9,0
"Ontario, Windsor-Essex, CA",3568,3568,0,0,0,0,48,10,2,0,36,8,7,0,13,11,5,0,0,19,18,0,0,24,15,0,0,20,9,0,0,23,9,0,0,17,11,0,0,18,9,0,0,28,11,0,0,9,21,0,0,12,6,0,0,3,13,0,0,35,6,0,0,59,11,0,0,19,5,0,0,12,6,0,0,13,10,0,0,10,11,0,0,20,11,0,1,24,21,0,1,12,17,0,0,7,23,0,1,16,10,0,0,2,9,36,0,0,1,7,4,0,0,3,12,4,0,0,6,12,7,0,0,10,5,23,0,19,8,6,0,0,12
"Ontario, York, CA",3570,3570,0,0,0,3,184,46,30,0,39,44,51,2,43,27,52,0,0,24,17,0,0,13,33,0,1,20,43,0,0,59,35,0,0,35,30,0,0,46,33,0,0,52,23,0,1,23,52,0,0,18,4,0,1,68,30,0,0,59,11,0,4,59,23,0,5,22,21,0,1,63,44,0,2,66,18,0,11,49,24,0,1,66,35,0,6,51,27,0,9,50,49,0,17,28,39,0,22,64,30,0,0,20,45,21,0,0,34,18,27,0,0,0,25,35,0,0,0,28,21,0,1,0,29,20,0,0,35,28,0,0,22
"Ontario, Toronto, CA",3595,3595,0,0,0,1,165,245,164,0,79,171,175,3,89,0,139,0,0,40,311,0,1,206,170,0,3,69,217,0,0,148,249,0,3,121,200,0,2,199,137,0,1,122,162,0,2,174,144,0,8,160,218,0,12,137,169,0,9,181,153,0,14,127,160,0,11,211,129,0,0,264,125,0,3,201,92,0,16,200,263,0,17,136,263,0,33,138,228,0,26,249,258,1,15,278,220,0,19,139,200,1,0,25,142,177,0,1,33,170,161,1,1,55,175,152,0,2,71,155,201,0,0,80,232,175,0,71,191,123,0,112,150
"Manitoba, Winnipeg, CA",4601,4601,0,0,0,0,20,1,0,0,27,0,0,0,13,0,0,0,0,8,0,0,0,5,0,0,0,1,0,0,0,11,0,0,0,1,0,0,0,2,0,0,0,4,1,0,0,9,0,0,1,0,0,0,3,1,0,0,0,0,0,0,2,1,0,0,1,3,0,0,5,0,0,0,2,2,1,0,0,0,0,0,0,1,0,0,2,1,0,0,0,1,2,0,1,5,0,0,1,0,0,0,0,11,2,0,0,0,1,3,0,0,0,1,1,0,0,0,25,0,2,0,0,4,0,0,0,18,2,0,0,6,0
"Manitoba, Prairie Mountain, CA",4602,4602,0,0,0,0,0,2,0,0,2,0,0,0,0,1,0,0,0,0,0,0,0,0,1,0,0,0,2,0,0,0,0,0,0,0,1,0,0,0,0,0,0,0,2,0,0,0,2,0,0,0,0,0,0,0,0,0,0,0,0,0,0,1,0,0,0,0,0,0,0,0,0,0,0,1,0,0,0,0,0,0,0,0,0,0,0,0,0,0,0,0,0,0,0,0,0,0,0,0,0,0,0,1,1,0,0,0,0,0,0,0,0,2,0,0,0,0,0,0,0,0,0,2,1,0,0,4,0,0,0,0,0
"Manitoba, Interlake-Eastern, CA",4603,4603,0,0,0,0,2,1,0,0,4,0,0,0,0,0,0,0,0,1,0,0,0,0,0,0,0,0,0,0,0,1,0,0,0,3,0,0,0,1,0,0,0,2,0,0,0,0,0,0,0,0,0,0,0,0,0,0,0,0,0,0,1,0,0,0,0,0,0,0,0,0,0,0,0,0,0,0,0,0,0,0,0,0,0,0,0,0,0,0,0,1,0,0,0,0,0,0,0,0,0,0,0,0,0,0,0,0,0,1,0,0,0,0,0,0,0,0,0,0,0,0,0,2,0,0,0,0,0,0,0,0,0
"Manitoba, Northern, CA",4604,4604,0,0,0,0,0,0,0,0,0,0,0,0,1,0,0,0,0,0,0,0,0,0,0,0,0,0,0,0,0,1,0,0,0,0,0,0,0,0,0,0,0,0,0,0,0,0,0,0,0,0,0,0,0,0,0,0,0,0,0,0,0,0,0,0,0,0,0,0,0,0,0,0,0,0,0,0,0,0,0,0,0,0,0,0,0,0,0,0,0,0,0,0,0,0,0,0,0,0,0,0,0,0,0,0,0,0,0,0,0,0,0,0,0,0,0,0,0,0,0,0,0,0,0,0,0,1,0,0,0,0,0
"Manitoba, Southern Health, CA",4605,4605,0,0,0,0,2,0,0,0,7,0,2,0,1,0,1,0,0,3,0,0,0,4,0,0,0,0,0,0,0,0,0,0,0,0,0,0,0,0,0,0,0,0,0,0,0,3,0,0,0,0,0,0,0,1,0,0,0,0,0,0,0,0,0,0,0,1,0,0,2,0,0,0,0,0,0,0,0,0,0,0,0,0,0,0,0,0,0,0,0,0,0,0,0,0,0,0,0,1,0,0,0,2,1,0,0,0,0,0,0,0,0,0,0,0,0,0,0,0,0,0,0,0,0,0,0,1,0,0,0,1,1
"Saskatchewan, Regina, CA",4704,4704,0,0,0,0,4,0,1,0,1,0,0,0,1,0,0,0,0,5,0,0,0,1,0,0,0,0,0,0,0,1,0,0,0,4,0,0,0,2,0,0,0,2,0,0,0,0,0,0,0,3,0,0,0,2,0,0,3,0,1,0,0,2,0,0,1,1,0,0,1,1,0,0,3,1,0,0,1,0,0,0,4,0,0,0,5,1,0,0,1,0,0,0,1,0,0,0,2,2,0,0,0,5,0,0,0,0,1,1,0,0,0,0,0,1,0,0,4,1,0,0,0,2,0,0,0,2,0,1,0,3,1
"Saskatchewan, Saskatoon, CA",4706,4706,0,0,0,0,4,3,0,0,9,1,0,0,8,4,0,0,0,1,1,0,0,11,0,0,0,4,1,0,0,4,0,0,0,4,0,0,0,3,0,0,0,4,0,0,0,3,0,0,1,2,0,0,1,0,0,0,0,0,0,0,0,0,0,0,0,0,1,0,0,0,1,0,3,1,0,0,1,1,0,0,0,0,0,0,12,1,0,0,3,0,0,0,9,0,2,0,4,0,0,0,0,7,0,0,0,0,3,0,0,0,0,4,0,0,0,0,12,0,1,0,0,13,1,1,0,12,2,0,0,5,0
"Saskatchewan, Far North, CA",4713,4713,0,0,0,0,0,19,0,0,0,0,0,0,0,4,1,0,0,0,29,0,0,0,18,0,0,0,24,0,0,1,15,0,0,0,12,0,0,1,5,0,0,1,9,0,0,1,4,0,0,0,5,0,0,0,4,0,1,0,4,0,0,0,8,0,0,0,0,0,0,1,0,0,1,2,0,0,0,1,7,0,0,0,17,0,0,2,2,0,1,5,4,0,0,4,1,0,0,6,2,0,0,0,7,1,0,0,0,0,0,0,0,0,11,1,0,0,0,0,0,0,0,0,11,0,0,0,1,3,0,0,0
"Alberta, South, CA",4831,4831,0,0,0,0,0,87,4,0,2,21,0,0,2,21,2,0,0,2,10,0,0,2,9,0,0,2,16,0,0,0,8,0,0,4,9,0,0,0,7,0,0,0,10,0,0,4,9,0,0,1,3,0,0,2,8,0,0,3,4,0,0,11,9,0,1,11,14,0,0,10,9,0,1,13,4,0,1,61,2,0,2,14,0,0,1,44,4,0,1,103,7,0,1,72,5,0,0,72,4,0,0,2,66,1,0,0,2,88,1,0,0,0,45,1,0,0,0,42,0,0,0,0,151,0,0,0,113,0,0,0,0
"Alberta, Calgary, CA",4832,4832,0,0,0,0,76,117,22,0,61,68,5,0,84,68,8,0,0,62,63,0,1,38,48,0,0,43,47,0,0,17,41,0,1,25,65,0,6,18,52,0,0,39,85,0,3,59,38,0,4,70,42,0,5,68,50,0,6,128,41,0,14,94,46,0,12,133,57,0,18,208,47,0,13,148,35,0,18,180,31,0,25,75,15,0,13,127,27,0,25,192,23,0,25,239,11,0,27,200,37,0,0,35,131,17,0,0,49,142,21,0,0,37,151,19,0,0,42,109,26,0,0,30,158,18,0,14,69,8,0,31,13
"Alberta, Central, CA",4833,4833,0,0,0,0,6,2,0,0,2,1,0,0,3,0,0,0,0,3,1,0,0,1,0,0,0,0,2,0,0,0,3,0,0,6,3,0,0,0,0,0,0,0,0,0,1,0,0,0,0,0,0,0,0,2,0,0,0,0,0,0,0,1,1,0,1,0,0,0,1,1,0,0,0,0,0,0,0,0,0,0,1,1,0,0,3,0,0,0,3,2,0,0,7,1,0,0,11,2,0,0,0,7,1,0,0,0,2,0,0,0,0,6,1,0,0,0,3,0,0,0,0,0,0,0,0,0,1,0,0,5,0
"Alberta, Edmonton, CA",4834,4834,0,0,0,0,32,8,8,0,28,3,6,0,16,1,3,0,0,28,0,0,0,19,0,0,1,41,1,0,0,7,2,0,1,10,3,0,4,8,0,0,0,10,0,0,1,2,0,0,0,7,0,0,1,4,4,0,4,3,4,0,3,9,1,0,3,9,1,0,2,10,0,0,7,2,0,0,2,0,0,0,14,9,3,0,14,11,2,0,3,7,0,0,8,3,0,0,18,12,0,0,0,14,9,1,0,0,11,4,0,0,0,9,5,3,0,0,21,2,1,0,0,8,3,3,0,15,1,5,0,23,2
"Alberta, North, CA",4835,4835,0,0,0,0,1,4,0,0,4,3,0,0,2,3,6,0,0,11,0,0,0,9,0,0,0,12,4,0,0,1,0,0,0,5,1,0,0,2,0,0,0,0,1,0,0,2,0,0,0,4,0,0,0,2,0,0,0,2,1,0,0,9,0,0,1,9,0,0,2,10,1,0,1,2,0,0,6,0,0,0,7,6,1,0,0,5,0,0,1,2,2,0,1,4,2,0,1,11,1,0,0,3,8,0,0,0,3,9,0,0,0,4,14,2,0,0,13,6,2,0,0,2,3,3,0,0,6,1,0,5,3
"Yukon, Yukon, CA",6001,6001,0,0,0,0,1,0,0,0,0,0,0,0,0,0,0,0,0,0,0,0,0,0,0,0,0,1,0,0,0,0,0,0,0,1,0,0,0,0,0,0,0,0,0,0,0,0,0,0,0,0,0,0,0,0,0,0,0,0,0,0,0,0,0,0,0,0,0,0,0,1,0,0,0,0,0,0,0,0,0,0,0,2,0,0,0,0,0,0,2,0,0,0,0,0,0,0,0,0,0,0,0,1,0,0,0,0,0,0,0,0,0,1,0,0,0,0,0,0,0,0,0,0,0,0,0,1,0,0,0,0,0
"NWT, NWT, CA",6101,6101,0,0,0,0,1,0,0,0,0,0,0,0,2,0,0,0,0,0,0,0,0,0,0,0,0,1,0,0,0,0,0,0,0,0,0,0,0,0,0,0,0,0,0,0,0,0,0,0,0,0,0,0,0,0,0,0,0,0,0,0,0,0,0,0,0,0,0,0,0,0,0,0,0,0,0,0,0,0,0,0,0,0,0,0,1,0,0,0,0,0,0,0,0,0,0,0,0,0,0,0,0,0,0,0,0,0,0,0,0,0,0,0,0,0,0,0,0,0,0,0,0,0,0,0,0,0,0,0,0,0,0
"Saskatchewan, South, CA","4701,4703,4702",4701,0,0,0,0,1,0,0,0,2,0,0,0,1,0,0,0,0,3,0,0,0,2,0,0,0,0,0,0,0,0,0,0,0,0,0,0,0,0,0,0,0,0,0,0,0,0,0,0,0,0,0,0,0,0,0,0,0,0,0,0,0,0,0,0,0,0,0,0,0,0,0,0,1,0,0,0,1,0,0,0,0,0,0,0,0,0,0,0,2,0,1,0,0,0,0,0,0,0,0,0,0,0,0,0,0,0,0,0,0,0,0,0,0,0,0,0,0,0,0,0,0,0,0,1,0,2,0,0,0,0,0
"Saskatchewan, Central, CA","4705,4707,4708,4709,4710",4705,0,0,0,0,0,0,0,0,0,0,0,0,0,0,0,0,0,1,0,0,0,0,0,0,0,0,0,0,0,0,0,0,0,0,0,0,0,0,1,0,0,0,0,0,0,0,0,0,0,0,0,0,0,0,0,0,0,0,0,0,0,0,0,0,0,0,0,0,0,0,0,0,0,1,0,0,0,0,0,0,0,0,0,0,0,0,0,0,1,0,0,0,0,0,0,0,0,0,0,0,0,2,0,0,0,0,0,0,0,0,0,5,0,0,0,0,1,0,0,0,0,0,0,0,0,0,0,0,0,0,0
"Saskatchewan, North, CA","4712,4711",4711,0,0,0,0,0,4,0,0,1,5,0,0,4,4,0,0,0,1,4,0,0,4,2,0,0,0,0,0,0,1,4,0,0,3,1,0,0,1,3,0,0,0,2,0,0,0,0,0,0,4,0,0,0,0,0,0,0,1,0,0,0,1,0,0,0,0,0,0,0,0,0,0,0,1,0,0,1,0,0,0,2,1,4,0,1,0,0,0,0,1,0,0,4,1,0,0,0,2,0,0,0,0,1,1,0,0,5,3,0,0,0,0,1,0,0,0,13,0,1,0,0,7,5,0,0,4,3,0,0,0,0
"BC, Interior, CA","5911,5912,5913,5914",5911,0,0,0,0,7,4,0,0,7,0,0,0,5,0,0,0,0,2,3,0,0,0,0,0,0,0,2,0,0,0,0,0,0,2,1,0,0,0,0,0,0,2,0,0,0,3,0,0,0,0,0,0,0,1,0,1,1,5,1,0,0,5,0,0,0,3,0,0,5,1,0,0,2,0,0,0,3,0,0,0,7,3,1,0,8,0,1,0,0,0,11,0,3,3,0,0,11,2,0,0,0,5,2,0,0,0,16,0,0,0,0,8,4,0,0,0,7,4,1,0,0,0,1,0,0,17,1,0,0,13,0
"BC, Fraser, CA","5921,5922,5923",5921,0,0,0,0,19,17,22,0,19,22,4,1,26,0,21,0,0,12,27,0,2,0,4,0,0,26,15,0,4,8,18,0,0,29,25,0,3,21,9,0,2,31,0,0,4,19,20,0,2,0,6,0,0,33,13,0,1,10,12,0,0,22,15,0,8,7,20,0,18,31,0,0,11,19,11,0,23,0,1,1,14,25,18,0,31,10,9,0,0,32,13,0,24,13,8,1,44,12,0,0,0,24,81,9,0,0,23,0,8,0,0,21,26,6,0,0,29,39,7,0,0,0,23,3,0,32,20,8,0,25,0
"BC, Vancouver Coastal, CA","5931,5932,5933",5931,0,0,0,0,21,8,2,0,28,0,0,3,16,0,1,1,1,13,22,0,6,0,4,2,0,32,3,0,2,17,13,0,0,12,1,0,2,11,5,0,5,3,0,0,2,13,2,0,5,0,1,0,11,8,3,0,7,8,1,0,0,12,0,0,15,0,0,0,52,10,0,0,28,6,4,0,8,0,1,0,48,14,2,0,30,7,2,0,0,38,1,0,18,10,2,0,82,12,0,0,0,9,11,4,0,0,20,0,3,0,0,32,17,1,1,0,53,8,1,0,1,0,8,1,0,28,4,2,0,4,0
"BC, Island, CA","5941,5942,5943",5941,0,0,0,0,5,1,0,0,0,2,0,0,2,0,0,0,0,2,1,0,0,0,0,0,0,3,0,0,0,0,0,0,0,2,1,0,0,1,0,0,0,2,0,0,1,0,0,0,0,0,0,0,0,3,1,0,0,2,0,0,0,3,0,0,7,2,0,0,4,0,0,0,4,3,0,0,6,0,0,0,8,5,0,0,7,7,0,0,0,1,1,0,2,1,0,0,5,3,0,0,0,3,1,0,0,0,5,0,0,0,0,5,2,0,0,0,3,2,0,0,0,0,1,0,0,7,0,0,0,0,0
"BC, Northern, CA","5951,5952,5953",5951,0,0,0,0,1,3,0,0,1,2,0,0,4,0,0,0,0,0,0,0,0,0,0,0,0,2,3,0,0,0,0,0,0,0,1,0,0,1,1,0,0,2,0,0,0,0,1,0,0,0,0,0,0,0,0,0,0,2,1,0,0,2,0,0,0,2,1,0,4,1,0,0,0,1,1,0,0,0,0,0,0,5,0,0,0,1,0,0,0,0,2,0,1,2,0,0,3,0,0,0,0,1,0,0,0,0,2,0,0,0,0,1,1,1,0,0,0,2,0,0,0,0,1,0,0,2,0,1,0,1,0
"Alberta, Not Reported, CA",,,0,0,0,0,2,0,0,0,0,0,2,0,0,0,0,0,0,0,0,0,0,0,0,0,0,0,0,0,0,0,0,0,0,0,0,0,0,0,0,0,0,0,0,0,0,2,0,0,0,0,0,0,0,3,0,0,0,2,0,0,0,2,0,0,0,0,0,0,0,0,0,0,0,0,0,0,0,0,0,0,0,0,0,0,0,0,0,0,0,0,0,0,0,0,0,0,0,0,0,0,0,0,0,0,0,0,0,0,0,0,0,0,0,0,0,0,0,0,0,0,0,0,0,0,0,0,0,0,0,0,0
"Nova Scotia, Not Reported, CA",,,0,0,0,0,26,0,0,0,0,0,0,0,0,0,0,0,0,0,0,0,0,0,0,0,0,0,0,0,0,0,0,0,0,0,0,0,0,0,0,0,0,0,0,0,0,0,0,0,0,0,0,0,0,0,0,0,0,0,0,0,0,0,0,0,0,0,0,0,2,0,0,0,5,0,0,0,2,0,0,0,1,0,0,0,6,0,0,0,7,0,0,0,13,0,0,0,10,0,0,0,0,17,0,0,0,0,5,0,0,0,0,17,0,0,0,0,20,0,0,0,0,12,0,0,0,5,0,0,0,20,0
"Ontario, Southwestern, CA",,,0,0,0,0,5,0,0,0,3,0,1,0,2,0,0,0,0,1,1,0,0,0,0,0,0,1,0,0,0,2,2,0,0,3,0,0,0,0,0,0,0,2,0,0,0,3,0,0,0,3,1,0,0,0,0,0,0,1,0,0,0,4,0,0,0,1,0,0,0,0,0,0,0,1,1,0,0,2,1,0,0,0,0,0,0,3,1,0,1,4,5,0,0,2,0,0,0,1,1,0,0,0,0,0,0,0,3,3,1,0,0,1,0,0,0,0,3,2,0,0,0,0,0,0,0,2,0,0,0,0,1
"Quebec, Not Reported, CA",,,0,0,0,0,0,0,6,0,0,0,0,0,0,0,1,0,0,0,1,0,0,0,0,0,0,0,0,0,0,0,0,0,0,0,2,0,0,0,0,0,0,0,0,0,0,0,0,0,0,0,0,0,0,0,0,0,0,0,2,0,0,0,1,0,0,0,0,0,0,0,0,0,0,0,0,0,0,0,2,0,0,0,0,0,0,0,0,0,0,0,0,0,0,0,1,0,0,0,0,0,0,0,0,0,0,0,0,0,0,0,0,0,0,0,0,0,0,0,0,0,0,0,0,0,0,0,0,0,0,0,0
"Repatriated, Not Reported, CA",,,0,0,0,0,0,0,0,0,0,0,0,0,0,0,0,0,0,0,0,0,0,0,0,0,0,0,0,0,0,0,0,0,0,0,0,0,0,0,0,0,0,0,0,0,1,0,0,0,0,0,0,0,1,0,0,0,2,0,0,0,0,0,0,0,4,0,0,0,1,0,0,0,0,0,0,0,1,0,0,0,2,0,0,0,1,0,0,0,0,0,0,0,0,0,0,0,0,0,0,0,0,0,0,0,0,0,0,0,0,0,0,0,0,0,0,0,0,0,0,0,0,0,0,0,0,0,0,0,0,0,0